FID,roof,road,watr,conc,Veg,dry,irr,H,W
1,0,0.302054155,0.254435107,0,0.066526611,0.304621849,0.072362278,4,30
2,0.405048634,0.318897638,0.014821677,0,0.117878648,0.116025938,0.027327466,4.050486336,17.84854099
3,0.459850607,0.257703081,0,0,0.134920635,0.128384687,0.01914099,4.598506069,16.20448179
4,0.564381658,0.036591014,0,0,0.28994905,0.089161649,0.019916628,5.643816582,13.06855025
5,0.329365079,0.225957049,0,0,0.189309057,0.209150327,0.046218487,4,20.11904762
6,0.00140056,0.372082166,0,0,0.188842204,0.281512605,0.156162465,4,29.95798319
7,0.001389532,0.178323298,0,0,0.056044465,0.760305697,0.003937008,4,29.95831403
8,0.311391223,0.450513539,0,0,0.038748833,0.181605976,0.01774043,4,20.65826331
9,0.10130719,0.71031746,0,0,0.058356676,0.12394958,0.006069094,4,26.96078431
10,0.002547476,0.550254748,0,0,0.281611857,0.153543307,0.012042612,4,29.92357573
11,0.231092437,0.368347339,0,0,0.141690009,0.20821662,0.050653595,4,23.06722689
12,0.140805929,0.26864289,0.118341825,0,0.109541454,0.282769801,0.079898101,4,25.77582214
13,0.459850607,0.177170868,0,0,0.253734827,0.072128852,0.037114846,4.598506069,16.20448179
14,0.290149393,0.20681606,0.046918768,0,0.085901027,0.275210084,0.095004669,4,21.29551821
15,0.61208893,0.168133395,0,0,0.136405743,0.083371931,0,6.120889301,11.6373321
16,0.573295985,0.147759104,0,0,0.171568627,0.107376284,0,5.732959851,12.80112045
17,0.488795518,0.12535014,0,0,0.195611578,0.190242764,0,4.887955182,15.33613445
18,0.178139535,0.317674419,0.004186047,0,0.200930233,0.299069767,0,4,24.65581395
19,0,0.41703638,0.07054126,0,0.118456078,0.393966282,0,4,30
20,0,0,0,0,0,1,0,4,30
21,0,0,0,0,0,1,0,4,30
22,0,0,0,0,0,1,0,4,30
23,0,0,0,0,0,1,0,4,30
24,0,0,0,0,0,1,0,4,30
25,0,0,0,0,0,1,0,4,30
26,0,0,0,0,0,1,0,4,30
27,0,0,0,0,0,1,0,4,30
28,0,0,0,0,0,1,0,4,30
29,0,0,0,0,0,1,0,4,30
30,0,0,0,0,0,1,0,4,30
31,0,0,0,0,0,1,0,4,30
32,0,0,0,0,0,1,0,4,30
33,0,0.36457546,0.204774502,0,0.042705971,0.323948098,0.063995969,4,30
34,0.36751656,0.250968629,0.048681415,0,0.113235846,0.175540557,0.044056993,4,18.97450319
35,0.468757874,0.244142101,0,0,0.131141345,0.125346435,0.030612245,4.687578735,15.93726379
36,0.401074866,0.28927634,0,0,0.138795151,0.154230721,0.016622922,4.010748656,17.96775403
37,0.471529352,0.214600655,0,0,0.159674981,0.134479718,0.019715294,4.715293525,15.85411943
38,0.178319476,0.185626102,0.004535147,0,0.235008818,0.156336609,0.240173847,4,24.65041572
39,0.068303962,0.391013623,0,0,0.16304212,0.306024247,0.071616048,4,27.95088114
40,0.472789116,0.325081885,0,0,0.058893928,0.095301083,0.047933988,4.727891156,15.81632653
41,0.253653313,0.385676493,0,0,0.101410935,0.236961451,0.022297808,4,22.3904006
42,0.091738533,0.257592801,0,0,0.190413698,0.440757405,0.019497563,4,27.24784402
43,0.018329554,0.446145125,0.079554044,0,0.140652557,0.28010834,0.03521038,4,29.45011338
44,0.246344207,0.30096238,0.045181852,0,0.112673416,0.271903512,0.022934633,4,22.60967379
45,0.32489292,0.283320736,0.004976064,0,0.116339128,0.251952633,0.018518519,4,20.2532124
46,0.101284958,0.178886369,0.061350466,0,0.055303603,0.522486772,0.080687831,4,26.96145125
47,0.415510561,0.27640295,6.25E-05,0,0.109798775,0.185164354,0.013060867,4.155105612,17.53468316
48,0.467435122,0.280612245,0,0,0.13202318,0.113063744,0.006865709,4.674351222,15.97694633
49,0.425988914,0.249685059,0.001070799,0,0.133219955,0.190035273,0,4.259889141,17.22033258
50,0.111194921,0.392922245,0.007165755,0,0.14318939,0.345527689,0,4,26.66415237
51,0.194601252,0.098121728,0.018372165,0,0.123267987,0.565636867,0,4,24.16196243
52,0.327455919,0.035264484,0,0,0.196473552,0.440806045,0,4,20.17632242
53,0,0,0,0,0,1,0,4,30
54,0,0,0,0,0,1,0,4,30
55,0,0,0,0,0,1,0,4,30
56,0,0,0,0,0,1,0,4,30
57,0,0,0,0,0,1,0,4,30
58,0,0,0,0,0,1,0,4,30
59,0,0,0,0,0,1,0,4,30
60,0,0,0,0,0,1,0,4,30
61,0,0,0,0,0,1,0,4,30
62,0,0,0,0,0,1,0,4,30
63,0,0,0,0,0,1,0,4,30
64,0,0,0,0,0,1,0,4,30
65,0,0.333711262,0.083522298,0,0.0574452,0.478269085,0.047052154,4,30
66,0.322897138,0.130671166,0.157730284,0,0.115298088,0.223909511,0.049493813,4,20.31308586
67,0.394809776,0.288863694,0.000188964,0,0.100151172,0.198727639,0.017258755,4,18.15570673
68,0.522622172,0.196037995,0,0,0.136732908,0.124171979,0.020434946,5.226221722,14.32133483
69,0.424288234,0.273998488,0,0,0.158856135,0.12654321,0.016313933,4.242882338,17.27135299
70,0.280738221,0.195515243,0.00617284,0,0.192176871,0.164902998,0.160493827,4,21.57785336
71,0.352143482,0.194288214,0.002124734,0,0.249218848,0.104674416,0.097550306,4,19.43569554
72,0.190602167,0.35909549,0.001196775,0,0.234567901,0.163076342,0.051461325,4,24.281935
73,0.004220207,0.353678508,0.02563618,0,0.202695893,0.367094986,0.046674225,4,29.8733938
74,0.000249969,0.289526309,0.012873391,0,0.150606174,0.44031996,0.106424197,4,29.99250094
75,0,0.184240363,0.228206097,0,0.099458302,0.446712018,0.04138322,4,30
76,0.292150981,0.323772028,0,0,0.084489439,0.297150356,0.002437195,4,21.23547057
77,0.074766944,0.216805241,0.068909045,0,0.095993953,0.522675737,0.02084908,4,27.75699169
78,0.101788864,0.131456286,0.110040312,0,0.122071051,0.456349206,0.078294281,4,26.94633409
79,0.347644044,0.20303712,0.012248469,0,0.104111986,0.281714786,0.051243595,4,19.57067867
80,0.458931721,0.264109347,0.000629882,0,0.131582263,0.127614009,0.017132779,4.589317208,16.23204837
81,0.124653565,0.369551524,0.004913076,0,0.147140338,0.294910557,0.05883094,4,26.26039305
82,0.103487064,0.239845019,0.009311336,0,0.109173853,0.523684539,0.014498188,4,26.89538808
83,0.137503149,0.222600151,0.002708491,0,0.107079869,0.53010834,0,4,25.87490552
84,0.246760259,0.279620488,0,0,0.123804381,0.349814872,0,4,22.59719222
85,0.281866464,0.059180577,0.002276176,0,0.286798179,0.369878604,0,4,21.54400607
86,0,0,0,0,0,1,0,4,30
87,0,0,0,0,0,1,0,4,30
88,0,0,0,0,0,1,0,4,30
89,0,0,0,0,0,1,0,4,30
90,0,0,0,0,0,1,0,4,30
91,0,0,0,0,0,1,0,4,30
92,0,0,0,0,0,1,0,4,30
93,0,0,0,0,0,1,0,4,30
94,0,0,0,0,0,1,0,4,30
95,0,0,0,0,0,1,0,4,30
96,0,0,0,0,0,1,0,4,30
97,0,0.345394326,0.15991751,0,0.169978753,0.284776903,0.039932508,4,30
98,0.059458119,0.050778102,0.356128712,0,0.059396119,0.390848782,0.083390167,4,28.21625643
99,0.282527184,0.177290339,0.242032246,0,0.061429821,0.202849644,0.033870766,4,21.52418448
100,0.450616901,0.173786348,0.050654101,0,0.114576229,0.159154318,0.051212102,4.506169012,16.48149296
101,0.500374953,0.287089114,0,0,0.103174603,0.094925634,0.014435696,5.003749531,14.98875141
102,0.408073991,0.159480065,0.002499688,0,0.119172603,0.177165354,0.133608299,4.080739908,17.75778028
103,0.318246636,0.244280489,0.002604005,0,0.13981028,0.191890384,0.103168206,4,20.45260091
104,0.329583802,0.233095863,0.070553681,0,0.132983377,0.178352706,0.055430571,4,20.11248594
105,0.133983252,0.404699413,0.159792526,0,0.083302087,0.166229221,0.051993501,4,25.98050244
106,0,0.575361151,0.029140058,0,0.102734205,0.211544423,0.081220162,4,30
107,0.000312461,0.334645669,0.032495938,0,0.087614048,0.491313586,0.053618298,4,29.99062617
108,6.20E-05,0.211854424,0.002480005,0,0.075392151,0.629549259,0.080662161,4,29.99814
109,0.003687039,0.262592176,0.000124984,0,0.096987877,0.592988376,0.043619548,4,29.88938883
110,0.155730534,0.188101487,0,0,0.070678665,0.576052993,0.00943632,4,25.32808399
111,0.253208506,0.177382355,0.000434001,0,0.061132122,0.485460971,0.022382045,4,22.40374481
112,0.280714911,0.289901262,0.007249094,0,0.122047244,0.191101112,0.108986377,4,21.57855268
113,0.00256218,0.296087989,0.006686664,0,0.102612173,0.378577678,0.213473316,4,29.92313461
114,0.154442309,0.150660301,0.000558001,0,0.055862112,0.600967202,0.037510075,4,25.36673073
115,0.043008064,0.271925986,0.055760455,0,0.102144152,0.506094893,0.02106645,4,28.70975808
116,0.337528675,0.25996652,0.048918098,0,0.176452353,0.177134354,0,4,19.87413975
117,0.337925236,0.312960807,0.006273445,0,0.122493856,0.220346656,0,4,19.86224292
118,0.536795295,0.202840339,0,0,0.125806914,0.134557452,0,5.367952948,13.89614116
119,0.215909091,0.227272727,0,0,0.204545455,0.352272727,0,4,23.52272727
120,0,0,0,0,0,1,0,4,30
121,0,0,0,0,0,1,0,4,30
122,0,0,0,0,0,1,0,4,30
123,0,0,0,0,0,1,0,4,30
124,0,0,0,0,0,1,0,4,30
125,0,0,0,0,0,1,0,4,30
126,0,0,0,0,0,1,0,4,30
127,0,0,0,0,0,1,0,4,30
128,0,0,0,0,0,1,0,4,30
129,0.000251953,0.55505165,0.059019904,0,0.17680776,0.141471403,0.067397329,4,29.99244142
130,0.000312461,0.023934508,0.29983752,0,0.183352081,0.399262592,0.093300837,4,29.99062617
131,0,0,0.341017889,0,0.118354749,0.43228773,0.108339632,4,30
132,0.050618673,0.015185602,0.404449444,0,0.10736158,0.358267717,0.064116985,4,28.48143982
133,0.29925674,0.166099773,0.027084908,0,0.124275636,0.219009826,0.164273117,4,21.02229781
134,0.406714538,0.193436634,0.04478458,0,0.098639456,0.174351222,0.08207357,4.067145377,17.79856387
135,0.439257593,0.260967379,0.017497813,0,0.080177478,0.115610549,0.086489189,4.392575928,16.82227222
136,0.416162761,0.170005039,0.079868985,0,0.111237087,0.163517259,0.059208869,4.161627614,17.51511716
137,0.00547997,0.510078105,0.137881078,0,0.066200554,0.215230537,0.065129756,4,29.83560091
138,0.022684664,0.16504187,0.072990876,0,0.040494938,0.646856643,0.051931009,4,29.31946007
139,0.055996473,0.35909549,0,0,0.060783573,0.519337365,0.0047871,4,28.32010582
140,0.047619048,0.398512686,0,0,0.081239845,0.465254343,0.007374078,4,28.57142857
141,0.023368607,0.276832955,0,0,0.06191736,0.59164777,0.046233308,4,29.2989418
142,0.000314941,0.22297808,0.000125976,0,0.222852104,0.426429831,0.127299068,4,29.99055178
143,0.002937133,0.277402825,0.003187102,0,0.156855393,0.454505687,0.105111861,4,29.91188601
144,0.014613253,0.550705467,0.018014613,0,0.017195767,0.292328042,0.107142857,4,29.56160242
145,0,0.003716301,0.005102041,0,0.05813807,0.834782061,0.098261527,4,30
146,0.337145357,0.167729034,0,0,0.079615048,0.401637295,0.013873266,4,19.8856393
147,0.352481733,0.260204082,0.000503905,0,0.134164777,0.222411187,0.030234316,4,19.425548
148,0.076431124,0.124521914,0.28716534,0,0.166217318,0.323844755,0.02181955,4,27.70706627
149,0.431047523,0.236669608,0.000378167,0,0.121769822,0.210071852,6.30E-05,4.31047523,17.06857431
150,0.52919685,0.232251969,0,0,0.126425197,0.112125984,0,5.291968504,14.12409449
151,0.387995825,0.181628392,0.000939457,0,0.150521921,0.278914405,0,4,18.36012526
152,0,0,0,0,0,1,0,4,30
153,0,0,0,0,0,1,0,4,30
154,0,0,0,0,0,1,0,4,30
155,0,0,0,0,0,1,0,4,30
156,0,0,0,0,0,1,0,4,30
157,0,0,0,0,0,1,0,4,30
158,0,0,0,0,0,1,0,4,30
159,0,0,0,0,0,1,0,4,30
160,0,0,0,0,0,1,0,4,30
161,0,0.593175853,0.080614923,0,0.089488814,0.16104237,0.07567804,4,30
162,0.000558001,0.013144026,0.33008866,0,0.362266725,0.146382293,0.147560295,4,29.98325997
163,0.001124859,0.015248094,0.15991751,0,0.307086614,0.348268966,0.168353956,4,29.96625422
164,0,0.001240002,0.119164238,0,0.178560357,0.407216814,0.293818588,4,30
165,0,0,0.187164104,0,0.1696038,0.338895138,0.304336958,4,30
166,0,0,0.17304087,0,0.101237345,0.402012248,0.323709536,4,30
167,0.013702027,0.000682001,0.190464381,0,0.101494203,0.300452601,0.393204786,4,29.58893918
168,0.025559305,0.24271966,0.158980127,0,0.141794776,0.317022872,0.11392326,4,29.23322085
169,0.036682915,0.100612423,0.092050994,0,0.153293338,0.562804649,0.054555681,4,28.89951256
170,0.103912208,0.178436357,0.000682001,0,0.045756092,0.67009734,0.001116002,4,26.88263377
171,0.149981252,0.33608299,0,0,0.037995251,0.472940882,0.002999625,4,25.50056243
172,0.154318309,0.25990452,0.000682001,0,0.050344101,0.530535061,0.004216008,4,25.37045074
173,0.355705537,0.200912386,0.000437445,0,0.080739908,0.353643295,0.00856143,4,19.3288339
174,0.071053618,0.273340832,0,0,0.08767654,0.561992251,0.005936758,4,27.86839145
175,0.017918036,0.83024366,0.000558001,0,0.057350115,0.090892182,0.003038006,4,29.46245892
176,0.055055618,0.322272216,0.008748906,0,0.125109361,0.234345707,0.254468191,4,28.34833146
177,0.015623047,0.0688039,0.006686664,0,0.209286339,0.495625547,0.203974503,4,29.53130859
178,0.328414657,0.172546345,0.003224006,0,0.146258293,0.206088412,0.143468287,4,20.1475603
179,0.304761905,0.289160401,0.050313283,0,0.156892231,0.163596491,0.035275689,4,20.85714286
180,0.167968506,0.206523777,0.253889896,0,0.16128226,0.160407424,0.049928138,4,24.96094482
181,0.329615939,0.327736357,0.001566318,0,0.184261638,0.120167909,0.036651839,4,20.11152183
182,0.430314585,0.24416905,0.000444868,0,0.139243724,0.179281856,0.006545917,4.303145853,17.09056244
183,0.129968088,0.134609806,0,0,0.204235567,0.531186539,0,4,26.10095735
184,0,0,0,0,0,1,0,4,30
185,0,0,0,0,0,1,0,4,30
186,0,0,0,0,0,1,0,4,30
187,0,0,0,0,0,1,0,4,30
188,0,0,0,0,0,1,0,4,30
189,0,0,0,0,0,1,0,4,30
190,0,0,0,0,0,1,0,4,30
191,0,0,0,0,0,1,0,4,30
192,0,0,0,0,0,1,0,4,30
193,0,0.66893424,0.021793903,0,0.078483245,0.166414714,0.064373898,4,30
194,0,0,0.329771279,0,0.322522185,0.133420822,0.214285714,4,30
195,0,0.002141597,0.33377425,0,0.32249937,0.169816075,0.171768707,4,30
196,0.001249844,0.026121735,0.195538058,0,0.432633421,0.184601925,0.159855018,4,29.96250469
197,0.03180902,0.033383724,0.052154195,0,0.218946838,0.407281431,0.256424792,4,29.0457294
198,0.061854371,0.041572184,0.070168808,0,0.311476442,0.257306626,0.257621567,4,28.14436886
199,0.002374703,0.148543932,0.088988876,0,0.363829521,0.153730784,0.242532183,4,29.92875891
200,0.030171328,0.243449232,0.18808264,0,0.12824389,0.313114135,0.096938776,4,29.09486017
201,0.152620307,0.114386495,6.30E-05,0,0.097253716,0.614071555,0.021604938,4,25.42139078
202,0.034183227,0.120359955,0.000187477,0,0.121047369,0.5199975,0.204224472,4,28.97450319
203,0.093537415,0.190602167,0,0,0.16313933,0.540627362,0.012093726,4,27.19387755
204,0.052118485,0.074490689,0.004061992,0,0.150418698,0.711098613,0.007811524,4,28.43644544
205,0.005542958,0.081506677,0.0047871,0,0.17132779,0.694633409,0.042202066,4,29.83371126
206,0,0.763605442,0.001007811,0,0.059712774,0.165910809,0.009763165,4,30
207,0.019060117,0.449131359,0.076365454,0,0.079052618,0.170353706,0.206036745,4,29.42819648
208,0.067460317,0.400415722,0.010770975,0,0.126165281,0.197782817,0.197404888,4,27.97619048
209,0.043272865,0.420571932,0.003401361,0,0.070231796,0.378684807,0.083837239,4,28.70181406
210,0.017185352,0.175665542,0.009623797,0,0.157980252,0.318710161,0.320834896,4,29.48443945
211,0.217750063,0.098009574,0.01127488,0,0.15457294,0.335285966,0.183106576,4,23.46749811
212,0.344706912,0.403637045,0.000624922,0,0.101799775,0.128608924,0.020622422,4,19.65879265
213,0.441924918,0.255102041,0,0,0.183547493,0.089821114,0.029604434,4.419249181,16.74225246
214,0.188850967,0.155353306,0.000252813,0,0.209960814,0.339780053,0.105802048,4,24.33447099
215,0,0,0,0,0,1,0,4,30
216,0,0,0,0,0,1,0,4,30
217,0,0,0,0,0,1,0,4,30
218,0,0,0,0,0,1,0,4,30
219,0,0,0,0,0,1,0,4,30
220,0,0,0,0,0,1,0,4,30
221,0,0,0,0,0,1,0,4,30
222,0,0,0,0,0,1,0,4,30
223,0,0,0,0,0,1,0,4,30
224,0,0,0,0,0,1,0,4,30
225,0,0.776266062,0.016565886,0,0.05165029,0.130133535,0.025384228,4,30
226,0,0,0.519247594,0,0.214285714,0.092925884,0.173540807,4,30
227,0,0,0.513857395,0,0.174666163,0.157911313,0.15356513,4,30
228,0,0,0.372953381,0,0.285214348,0.195225597,0.146606674,4,30
229,0.022675737,0.083648274,0.183862434,0,0.23154447,0.349332326,0.12893676,4,29.31972789
230,0.032186949,0.121882086,0.002582514,0,0.147266314,0.431783825,0.264298312,4,29.03439153
231,0.016872891,0.416385452,0.128233971,0,0.11336083,0.229096363,0.096050494,4,29.49381327
232,0.248425296,0.195389267,0.13372386,0,0.130763416,0.206160242,0.085537919,4,22.54724112
233,0.430524061,0.289430587,0,0,0.097442681,0.166288738,0.016313933,4.305240615,17.08427816
234,0.496812898,0.264029496,0,0,0.1087989,0.116172978,0.014185727,4.968128984,15.09561305
235,0.403187201,0.345049131,0,0,0.114953389,0.131582263,0.005228017,4.031872008,17.90438398
236,0.391076115,0.265216848,0.00199975,0,0.168603925,0.150731159,0.022372203,4,18.26771654
237,0.041950113,0.707420005,0.003464349,0,0.069223986,0.165091963,0.012849584,4,28.7414966
238,0.000377929,0.668115394,0.06670446,0,0.016124969,0.208490804,0.040186445,4,29.98866213
239,0.004999375,0.022059743,0.134795651,0,0.061429821,0.463879515,0.312835896,4,29.85001875
240,0.10258744,0.550188532,0.01976336,0,0.074632688,0.200299051,0.05252893,4,26.9223768
241,0.264954012,0.574563907,0.000253727,0,0.048398351,0.104218205,0.007611798,4,22.05137964
242,0.092686595,0.368928997,0.000564016,0,0.044807921,0.469574481,0.02343799,4,27.21940214
243,0.011148904,0.219639708,0.009196271,0,0.131015369,0.494771983,0.134227765,4,29.66553288
244,0.080977989,0.343546773,0.007378689,0,0.117121061,0.233616808,0.217358679,4,27.57066033
245,0.183169564,0.166288738,0.031368103,0,0.122385991,0.318657092,0.178130511,4,24.50491308
246,0.072152312,0.192515117,0.128534074,0,0.260009806,0.268262788,0.078525903,4,27.83543063
247,0.009086561,0.168818747,0.067910091,0,0.301291248,0.418938307,0.033955045,4,29.72740316
248,0,0,0,0,0,1,0,4,30
249,0,0,0,0,0,1,0,4,30
250,0,0,0,0,0,1,0,4,30
251,0,0,0,0,0,1,0,4,30
252,0,0,0,0,0,1,0,4,30
253,0,0,0,0,0,1,0,4,30
254,0,0,0,0,0,1,0,4,30
255,0,0,0,0,0,1,0,4,30
256,0,0,0,0,0,1,0,4,30
257,0,0,0.000374953,0,0.084364454,0.033808274,0.017685289,4,30
258,0,0.017112034,0.406658813,0,0.183644367,0.143344287,0.249240498,4,30
259,0,0,0.481314836,0,0.275653043,0.136982877,0.106049244,4,30
260,0,0,0.503007006,0,0.259160518,0.181598363,0.056234112,4,30
261,0.08280215,0.280089989,0.228408949,0,0.126109236,0.215723035,0.066866642,4,27.51593551
262,0.000874891,0.470441195,0.08023997,0,0.073303337,0.282589676,0.092550931,4,29.97375328
263,0.232438465,0.105462211,0.25996652,0,0.127782256,0.179304359,0.09504619,4,23.02684605
264,0.298837645,0.261654793,0.067741532,0,0.134358205,0.151981002,0.085426822,4,21.03487064
265,0.417572803,0.250468691,0.000124984,0,0.143044619,0.130296213,0.058492688,4.175728034,17.4728159
266,0.427800856,0.34478269,0,0,0.099324199,0.116808234,0.011284023,4.278008556,17.16597433
267,0.385326834,0.236407949,0.001499813,0,0.117735283,0.226596675,0.032433446,4,18.44019498
268,0.061938124,0.66005332,0.002914006,0,0.07508215,0.185876372,0.014136028,4,28.14185628
269,0,0.891451069,0.020934883,0,0.001874766,0.080052493,0.005686789,4,30
270,0.09423822,0.164104487,0.170041245,0,0.067929009,0.454818148,0.048868891,4,27.17285339
271,0.205716411,0.10986422,0.058838118,0,0.074338149,0.444044888,0.107198214,4,23.82850766
272,0.000999875,0.066491689,0.046744157,0,0.160792401,0.322147232,0.402824647,4,29.97000375
273,0.4071991,0.302712161,0.000249969,0,0.058305212,0.224034496,0.007499063,4.071991001,17.784027
274,0.223772321,0.363095238,0,0,0.069258433,0.338479663,0.005394345,4,23.28683036
275,0.120297463,0.228346457,0,0,0.075990501,0.566741657,0.008623922,4,26.39107612
276,0.009610019,0.246140492,0.003410007,0,0.092442185,0.605307211,0.043090086,4,29.71169942
277,0.037620297,0.3912011,0.066679165,0,0.114485689,0.325209349,0.064804399,4,28.87139108
278,0.080364954,0.323147107,0.08767654,0,0.226409199,0.20616173,0.07624047,4,27.58905137
279,0.132231405,0.304276532,0.044273908,0,0.167912895,0.297783025,0.053522235,4,26.03305785
280,0.175907258,0.400369624,0.023017473,0,0.142473118,0.235551075,0.022681452,4,24.72278226
281,0,1,0,0,0,0,0,4,30
282,0,0,0,0,0,1,0,4,30
283,0,0,0,0,0,1,0,4,30
284,0,0,0,0,0,1,0,4,30
285,0,0,0,0,0,1,0,4,30
286,0,0,0,0,0,1,0,4,30
287,0,0,0,0,0,1,0,4,30
288,0,0,0,0,0,1,0,4,30
289,0,0.851977828,0,0,0.065507685,0.060216679,0.022297808,4,30
290,0,0.079615048,0.35064367,0,0.11136108,0.137982752,0.32039745,4,30
291,0,0,0.317397329,0,0.28999748,0.272801713,0.119803477,4,30
292,0,0,0.578677665,0,0.192288464,0.181539808,0.047494063,4,30
293,0.000377929,0.257369615,0.414021164,0,0.080120937,0.213529856,0.034580499,4,29.98866213
294,0.0287226,0.302973041,0.362748803,0,0.092592593,0.119488536,0.093474427,4,29.138322
295,0.427321585,0.237970254,0.007936508,0,0.094363205,0.204474441,0.027934008,4.273215848,17.18035246
296,0.398526077,0.297367095,0.028281683,0,0.132968002,0.09952129,0.043335853,4,18.04421769
297,0.253968254,0.227513228,0.069601915,0,0.110922147,0.247102545,0.090891912,4,22.38095238
298,0.132795901,0.171228596,0.029621297,0,0.096550431,0.522122235,0.04768154,4,26.01612298
299,0.067775258,0.542013102,0.005983875,0,0.083711262,0.287666919,0.012849584,4,27.96674225
300,0,0.992250969,0.000624922,0,0,0.007124109,0,4,30
301,0.008692366,0.25888133,0.277210884,0,0.051209373,0.35260771,0.051398337,4,29.73922902
302,0.330624843,0.202066012,0.10909549,0,0.142668178,0.184303351,0.031242126,4,20.08125472
303,0.303524559,0.21872266,0.001749781,0,0.119985002,0.344581927,0.01143607,4,20.89426322
304,0.168745276,0.130133535,0.0095742,0,0.091962711,0.429768204,0.169816075,4,24.93764172
305,0.134396068,0.146619621,0.025140193,0,0.127906244,0.467960431,0.097977443,4,25.96811795
306,0.42272102,0.41490559,0,0,0.058709516,0.099537326,0.004126547,4.227210204,17.31836939
307,0.434746679,0.442120653,0,0,0.082512237,0.036679169,0.003941262,4.347466785,16.95759964
308,0.019685039,0.345581802,0.009061367,0,0.179352581,0.426196725,0.020122485,4,29.40944882
309,0.222915092,0.354245402,0.040879315,0,0.162824389,0.144935752,0.07420005,4,23.31254724
310,0.29207609,0.262093726,0.021856891,0,0.106261023,0.268896447,0.048815823,4,21.23771731
311,0.262779653,0.19960005,0.024434446,0,0.081114861,0.404199475,0.027871516,4,22.11661042
312,0.240677753,0.081947594,0.021478962,0,0.070609725,0.563177123,0.022108844,4,22.77966742
313,0.092398983,0.113968164,0.059809739,0,0.316756146,0.356974663,0.060092305,4,27.22803052
314,0.002671416,0.158504007,0.010685663,0,0.593944791,0.217275156,0.016918967,4,29.91985752
315,0,0,0,0,0,1,0,4,30
316,0,0,0,0,0,1,0,4,30
317,0,0,0,0,0,1,0,4,30
318,0,0,0,0,0,1,0,4,30
319,0,0,0,0,0,1,0,4,30
320,0,0,0,0,0,1,0,4,30
321,0,0.847379693,0,0,0.066893424,0.070420761,0.015306122,4,30
322,0,0.121109861,0.341207349,0,0.122047244,0.126734158,0.288901387,4,30
323,0,0,0.301146384,0,0.289115646,0.269589317,0.140148652,4,30
324,0,0.044994376,0.264279465,0,0.139045119,0.46231721,0.08936383,4,30
325,0,0.40117158,0.228584026,0,0.124905518,0.170697909,0.074640967,4,30
326,0.065885614,0.210254472,0.243575208,0,0.119929453,0.214663643,0.14569161,4,28.02343159
327,0.440819898,0.284964379,0,0,0.133983252,0.119235096,0.020997375,4.408198975,16.77540307
328,0.471718317,0.265243134,0,0,0.13681028,0.097001764,0.029226505,4.71718317,15.84845049
329,0.422272613,0.273683547,0.018392542,0,0.131834215,0.11627614,0.037540942,4.222726127,17.33182162
330,0.126609174,0.41032371,0.008998875,0,0.129046369,0.225909261,0.099112611,4,26.20172478
331,0,0.970017637,0,0,0.01574704,0.014046359,0.000188964,4,30
332,0,0.488340281,0.121873372,0,0.022798332,0.340932777,0.026055237,4,30
333,0.152305367,0.103300579,0.208553792,0,0.122385991,0.29856387,0.114890401,4,25.430839
334,0.39021164,0.311035525,6.30E-05,0,0.166666667,0.121945074,0.010078105,4,18.29365079
335,0.322772153,0.258405199,0.00343707,0,0.163542057,0.208911386,0.042932133,4,20.3168354
336,0.088057445,0.244079113,0.002015621,0,0.131834215,0.397203326,0.13681028,4,27.35827664
337,0.047052154,0.161060721,0.010582011,0,0.11457546,0.488284203,0.178445452,4,28.58843537
338,0.185539308,0.57167854,0.000187477,0,0.088863892,0.147606549,0.006124234,4,24.43382077
339,0.472453871,0.425766629,0,0,0.072099284,0.015628078,0.014052137,4.724538709,15.82638387
340,0.17687883,0.491996999,0.004126547,0,0.125296986,0.175128173,0.026572465,4,24.69363511
341,0.202443941,0.23733938,0.049634669,0,0.261085916,0.136747292,0.112748803,4,23.92668178
342,0.129377677,0.2117032,0.042831948,0,0.335097002,0.12037037,0.160619803,4,26.11866969
343,0.330583677,0.168103987,0.030871141,0,0.126046744,0.288651419,0.055743032,4,20.08248969
344,0.353111615,0.130133535,0.02532124,0,0.066389519,0.332703452,0.09234064,4,19.40665155
345,0.071302595,0.013038549,0.227198287,0,0.319286974,0.258251449,0.110922147,4,27.86092215
346,0.047950014,0.056866049,0.067607414,0,0.2331508,0.358256108,0.236169615,4,28.56149958
347,0.030406227,0.162004378,0.050839212,0,0.430552177,0.216005838,0.110192167,4,29.08781318
348,0,0,0,0,0,1,0,4,30
349,0,0,0,0,0,1,0,4,30
350,0,0,0,0,0,1,0,4,30
351,0,0,0,0,0,1,0,4,30
352,0,0,0,0,0,1,0,4,30
353,0,0.91319835,0,0,0.007561555,0.075990501,0.003249594,4,30
354,0,0.153574307,0.118420237,0,0.151590303,0.189720379,0.386694773,4,30
355,0,0.000499938,0.383014623,0,0.305461817,0.152855893,0.158167729,4,30
356,0,0.493892988,0.044392089,0,0.090768182,0.32023064,0.050716101,4,30
357,0.040244969,0.050618673,0.368703912,0,0.175353081,0.273903262,0.091176103,4,28.79265092
358,0.346456693,0.24271966,0.010623672,0,0.113798275,0.171666042,0.114735658,4,19.60629921
359,0.404426809,0.258664517,0.000124,0,0.120466241,0.185442371,0.030876062,4.044268089,17.86719573
360,0.52055993,0.26984127,0,0,0.120922385,0.080552431,0.008123985,5.2055993,14.3832021
361,0.230846144,0.301649794,0.002437195,0,0.188726409,0.133795776,0.142544682,4,23.07461567
362,0.000682001,0.908859818,0.000620001,0,0.023684047,0.038440077,0.027714055,4,29.97953996
363,0,0.761779778,0.054743157,0,0.006374203,0.165666792,0.01143607,4,30
364,0.026598053,0.072912146,0.308822618,0,0.035402071,0.51478703,0.041478083,4,29.2020584
365,0.064429446,0.204849394,0,0,0.088051494,0.629108861,0.013560805,4,28.06711661
366,0.490688664,0.293713286,0.000312461,0,0.124921885,0.080302462,0.010061242,4.906886639,15.27934008
367,0.395498791,0.284642569,0.003162006,0,0.097092194,0.114018228,0.105586211,4,18.13503627
368,0.026871641,0.056992876,0.009311336,0,0.081114861,0.35008124,0.475628046,4,29.19385077
369,0.159980002,0.065929259,0.017185352,0,0.075553056,0.461504812,0.219847519,4,25.20059993
370,0.217992436,0.469340939,0.002108004,0,0.113646227,0.182962366,0.013950028,4,23.46022692
371,0.179225815,0.380651617,0.002751548,0,0.116002752,0.309611657,0.011756613,4,24.62322556
372,0.171814911,0.58057313,0.007443245,0,0.148430716,0.074432453,0.017305545,4,24.84555266
373,0.322772153,0.136295463,0.020684914,0,0.128108986,0.365766779,0.026371704,4,20.3168354
374,0.251781027,0.160667417,0.019497563,0,0.180664917,0.321397325,0.065991751,4,22.44656918
375,0.310310621,0.041168082,0.067952136,0,0.274474549,0.173786348,0.132308265,4,20.69068138
376,0.266154231,0.078177728,0.049556305,0,0.101174853,0.45688039,0.048056493,4,22.01537308
377,0.073490814,0.01143607,0.33152106,0,0.278277715,0.229471316,0.075803025,4,27.79527559
378,0.119350239,0.019530039,0.041912084,0,0.144646289,0.397234794,0.277326555,4,26.41949284
379,0.166414904,0.02366566,0.064765861,0,0.165596677,0.456193353,0.123363545,4,25.00755287
380,0.037209302,0.081565513,0.064662507,0,0.337379467,0.321497448,0.157685763,4,28.88372093
381,0,0.252336449,0,0,0.448598131,0.240654206,0.058411215,4,30
382,0,0,0,0,0,1,0,4,30
383,0,0,0,0,0,1,0,4,30
384,0,0,0,0,0,1,0,4,30
385,0,0.945011338,0,0,0.004535147,0.04617032,0.004283195,4,30
386,0,0.256842895,0.039245094,0,0.114923135,0.398887639,0.190101237,4,30
387,0,0.374086672,0.182602671,0,0.100970018,0.241874528,0.100466112,4,30
388,0,0.301774778,0.309961255,0,0.103049619,0.207349081,0.077865267,4,30
389,0.220080625,0.121378181,0.190035273,0,0.159611993,0.213718821,0.095175107,4,23.39758125
390,0.481607458,0.28728899,0.000125976,0,0.122071051,0.096938776,0.01196775,4.816074578,15.55177627
391,0.584926884,0.158167729,0,0,0.117547807,0.12135983,0.01799775,5.849268841,12.45219348
392,0.509322247,0.246724616,0,0,0.107709751,0.112244898,0.023998488,5.093222474,14.72033258
393,0.087616528,0.692806752,0,0,0.069916856,0.111300076,0.038359788,4,27.37150416
394,0,0.945444319,0.011748531,0,0.001687289,0.035245594,0.005874266,4,30
395,0.040060469,0.134353741,0.307949106,0,0.037792895,0.391282439,0.08856135,4,28.79818594
396,0.359455068,0.204286964,0.017497813,0,0.088926384,0.29640045,0.033433321,4,19.21634796
397,0.593159486,0.075333837,0,0,0.169564122,0.129503653,0.032438901,5.93159486,12.20521542
398,0.468694885,0.209687579,0.000251953,0,0.182665659,0.114512472,0.024187453,4.686948854,15.93915344
399,0.356267967,0.342144732,0.000749906,0,0.159105112,0.129983752,0.011748531,4,19.311961
400,0.049453673,0.019958315,0.019705678,0,0.093728289,0.499589465,0.31756458,4,28.51638982
401,0.188523558,0.049571681,0.005983875,0,0.119866465,0.280738221,0.355316201,4,24.34429327
402,0.05368079,0.332833396,0.002062242,0,0.093738283,0.450568679,0.06711661,4,28.3895763
403,0.014676241,0.414777022,0.006109851,0,0.100403124,0.444759385,0.019274376,4,29.55971277
404,0.152855893,0.625234346,0.004686914,0,0.109861267,0.096612923,0.010748656,4,25.41432321
405,0.413013353,0.140967498,0.01845553,0,0.147833207,0.0909549,0.18877551,4.130133535,17.6095994
406,0.286029227,0.17750063,0.030297304,0,0.294280675,0.099080373,0.112811791,4,21.4191232
407,0.368203975,0.110923635,0.0199975,0,0.200787402,0.159417573,0.140669916,4,18.95388076
408,0.272864701,0.10500126,0.105064248,0,0.158982111,0.199861426,0.158226253,4,21.81405896
409,0.108465608,0.078042328,0.210443437,0,0.227387251,0.206160242,0.169501134,4,26.74603175
410,0.20759905,0.025434321,0.073615798,0,0.213160855,0.322022247,0.158167729,4,23.7720285
411,0.180209121,0.018833459,0.010141093,0,0.040249433,0.725497606,0.025069287,4,24.59372638
412,0.083614548,0.0279965,0.033245844,0,0.097550306,0.616422947,0.141169854,4,27.49156355
413,0.070071075,0.0815822,0.081659456,0,0.307787392,0.300216316,0.15868356,4,27.89786774
414,0.007429421,0.440193165,0.022288262,0,0.319465082,0.101783061,0.10884101,4,29.77711738
415,0,0.297297297,0,0,0.054054054,0.621621622,0.027027027,4,30
416,0,0.66568545,0,0,0.160639193,0.148864592,0.024810765,4,30
417,0,0.928633921,0,0,0.01712286,0.045806774,0.008436445,4,30
418,0,0.564263129,0.012648025,0,0.08487817,0.297662595,0.040548081,4,30
419,0,0.495000625,0.012185977,0,0.089551306,0.372390951,0.030871141,4,30
420,0,0.004340009,0.343976688,0,0.226424453,0.283030566,0.142228284,4,30
421,0.179540057,0.189726284,0.241094863,0,0.156980377,0.151543557,0.081114861,4,24.61379828
422,0.503687039,0.280214973,0,0,0.091113611,0.111486064,0.013498313,5.036870391,14.88938883
423,0.537789076,0.267344535,0,0,0.101432203,0.082460165,0.010974022,5.377890756,13.86632773
424,0.20903637,0.46744157,0,0,0.08936383,0.187851519,0.046306712,4,23.72890889
425,0,1,0,0,0,0,0,4,30
426,0,0.375906752,0.247504495,0,0.018786038,0.293136586,0.064666129,4,30
427,0.248343957,0.173540807,0.175790526,0,0.152855893,0.163542057,0.085926759,4,22.54968129
428,0.414718829,0.241676483,0,0,0.174530349,0.127038254,0.042036084,4.147188294,17.55843512
429,0.331396075,0.182914636,0.000812398,0,0.206786652,0.14535683,0.132733408,4,20.05811774
430,0.422697163,0.274965629,0,0,0.178227722,0.09480065,0.029308836,4.226971629,17.31908511
431,0.265980532,0.239010478,0.000744001,0,0.195486391,0.237956476,0.060822122,4,22.02058404
432,0,0.169353831,0.01856018,0,0.186664167,0.234345707,0.391076115,4,30
433,0.052805899,0.266654168,0.006436695,0,0.20303712,0.241094863,0.229971254,4,28.41582302
434,0.32733564,0.376344763,0.022334067,0,0.101226801,0.122176785,0.050581944,4,20.1799308
435,0.154543182,0.627859018,0.03112111,0,0.145106862,0.034870641,0.006499188,4,25.36370454
436,0.238886478,0.455576911,0.005704011,0,0.137268275,0.103726207,0.058838118,4,22.83340567
437,0.277527809,0.426634171,0.017560305,0,0.09336333,0.11479815,0.070116235,4,21.67416573
438,0.202724659,0.391638545,0.05168104,0,0.195163105,0.099112611,0.05968004,4,23.91826022
439,0.212350425,0.18978238,0.052204104,0,0.252464505,0.182342365,0.110856222,4,23.62948726
440,0.209973753,0.365954256,0.015185602,0,0.148793901,0.176040495,0.084051994,4,23.7007874
441,0.092550931,0.179165104,0.107736533,0,0.259092613,0.191413573,0.170041245,4,27.22347207
442,0.061628123,0.039246078,0.056792114,0,0.194060388,0.260710521,0.387562775,4,28.1511563
443,0.091551056,0.036932883,0.041869766,0,0.160792401,0.522497188,0.146356705,4,27.25346832
444,0.114576229,0.113708227,0.025482051,0,0.128030256,0.512245024,0.105958212,4,26.56271313
445,0.146419198,0.152730909,0.043932008,0,0.226596675,0.308148981,0.122172228,4,25.60742407
446,0.097324544,0.245185472,0.033023136,0,0.278790229,0.099651028,0.246025591,4,27.08026367
447,0.01769417,0.393648724,0.010989011,0,0.214565096,0.271838331,0.091264668,4,29.46917489
448,0,0.190829088,0.002161495,0,0.047707272,0.546703721,0.212598425,4,30
449,0,0.89159738,0,0,0.049949609,0.053791887,0.004661124,4,30
450,0,0.735845519,0.003374578,0,0.040994876,0.205411824,0.014373203,4,30
451,0,0.117409927,0.178886369,0,0.078042328,0.557067271,0.068594104,4,30
452,0,0,0.386889139,0,0.162604674,0.263779528,0.186726659,4,30
453,0.179138322,0.169249181,0.332262535,0,0.105631141,0.152431343,0.061287478,4,24.62585034
454,0.363315697,0.214915596,0.003212396,0,0.130574452,0.205782313,0.082199546,4,19.1005291
455,0.361142357,0.286339208,0.000124984,0,0.070553681,0.244469441,0.037370329,4,19.16572928
456,0.002960443,0.952066012,0,0,0.002708491,0.035777274,0.00648778,4,29.9111867
457,0,0.677311665,0.076719577,0,0.017762661,0.197782817,0.03042328,4,30
458,0.05311836,0.088738908,0.371828521,0,0.045806774,0.33152106,0.108986377,4,28.40644919
459,0.462585034,0.188901487,0.008692366,0,0.165784832,0.106072058,0.067964223,4.62585034,16.12244898
460,0.362767154,0.291526059,0,0,0.201287339,0.10023747,0.044181977,4,19.11698538
461,0.361803981,0.232489292,0.000440917,0,0.230977576,0.090450995,0.083837239,4,19.14588057
462,0.445389267,0.191609977,0,0,0.256613757,0.064877803,0.041509196,4.453892668,16.638322
463,0.364016998,0.163479565,0.004624422,0,0.214410699,0.139420072,0.114048244,4,19.07949006
464,0.049004787,0.043461829,0.016691862,0,0.186885865,0.265998992,0.437956664,4,28.52985639
465,0.423595364,0.176303855,0.002519526,0,0.242945326,0.08925422,0.065381708,4.235953641,17.29213908
466,0.161854768,0.178852643,0.198287714,0,0.191663542,0.184851894,0.084489439,4,25.14435696
467,0.122700932,0.119992441,0.315759637,0,0.151423532,0.259889141,0.030234316,4,26.31897203
468,0.021622297,0.160792401,0.468691414,0,0.164916885,0.108423947,0.075553056,4,29.35133108
469,0.012156715,0.347379693,0.128180902,0,0.30813807,0.094167297,0.109977324,4,29.63529856
470,0.330561854,0.220773495,0.051209373,0,0.206412195,0.054295792,0.136747292,4,20.08314437
471,0.024184477,0.216972878,0.038932633,0,0.196287964,0.136045494,0.387576553,4,29.27446569
472,0.083081381,0.228143109,0.030360292,0,0.153376165,0.263479466,0.241559587,4,27.50755858
473,0.087994457,0.04138322,0.093474427,0,0.235071807,0.316767448,0.225308642,4,27.36016629
474,0.066929134,0.025434321,0.034745657,0,0.087239095,0.381764779,0.403887014,4,27.99212598
475,0.050201562,0.036533132,0.01127488,0,0.012219703,0.691987906,0.197782817,4,28.49395314
476,0.281527309,0.041932258,0.021497313,0,0.074115736,0.466504187,0.114423197,4,21.55418073
477,0.134479718,0.035273369,0.026455026,0,0.053791887,0.686633913,0.063366087,4,25.96560847
478,0.070987654,0.206601159,0.010519022,0,0.255102041,0.233308138,0.223481985,4,27.87037037
479,0.165666792,0.485064367,0.001187352,0,0.0728034,0.220097488,0.055180602,4,25.02999625
480,0.342359166,0.300031124,0.005757859,0,0.049019608,0.208839091,0.093993153,4,19.72922502
481,0,0.640652557,6.30E-05,0,0.08276644,0.25547997,0.021038045,4,30
482,0,0.635795526,0.071616048,0,0.046306712,0.189288839,0.056992876,4,30
483,0,0,0.432161754,0,0.190539179,0.248740237,0.128558831,4,30
484,0.021934758,0.026871641,0.389263842,0,0.112923385,0.300024997,0.148981377,4,29.34195726
485,0.521604938,0.18568909,0.034958428,0,0.106953893,0.137377173,0.013416478,5.216049383,14.35185185
486,0.309334845,0.231481481,0.005353993,0,0.130574452,0.225434618,0.09782061,4,20.71995465
487,0.036807899,0.786464192,0,0,0.014185727,0.147981502,0.01456068,4,28.89576303
488,0,0.926492819,0.012156715,0,0.003905266,0.054925674,0.002519526,4,30
489,0.057382212,0.085222978,0.368543714,0,0.060090703,0.360103301,0.068657092,4,28.27853364
490,0.372515936,0.23159605,0.043744532,0,0.178852643,0.130921135,0.042369704,4,18.82452193
491,0.466301335,0.140400605,0,0,0.211766188,0.127425044,0.054106828,4.663013353,16.01095994
492,0.290838645,0.345769279,0,0,0.172978378,0.131421072,0.058992626,4,21.27484064
493,0.456097254,0.197026959,0,0,0.150856639,0.136999244,0.059019904,4.560972537,16.31708239
494,0.418682288,0.254409171,0,0,0.150352734,0.133408919,0.043146888,4.186822877,17.43953137
495,0.337582802,0.282589676,0.00056243,0,0.167291589,0.119672541,0.092300962,4,19.87251594
496,0.014991182,0.085034014,0.018959436,0,0.115205341,0.385550517,0.380259511,4,29.55026455
497,0.465608466,0.154320988,0,0,0.204144621,0.12005543,0.055870496,4.656084656,16.03174603
498,0.223722035,0.231408574,0.000437445,0,0.154980627,0.19303837,0.196412948,4,23.28833896
499,0.334215168,0.139266818,0.000503905,0,0.24111867,0.172650542,0.112244898,4,19.97354497
500,0.376015498,0.187351581,0.002624672,0,0.183289589,0.158355206,0.092363455,4,18.71953506
501,0.019400353,0.127362056,0.457168052,0,0.131456286,0.195200302,0.06941295,4,29.41798942
502,0.105190224,0.293272865,0.205782313,0,0.206727135,0.115331318,0.073696145,4,26.84429327
503,0.172415948,0.282777153,0.05624297,0,0.23272091,0.155355581,0.100487439,4,24.82752156
504,0.160871756,0.229213908,0.023620559,0,0.055996473,0.480662635,0.049634669,4,25.17384732
505,0.139392794,0.016439909,0.060153691,0,0.076656589,0.637251197,0.07010582,4,25.81821618
506,0.15791776,0.058992626,0.046244219,0,0.168791401,0.388013998,0.180039995,4,25.26246719
507,0.293524817,0.221781305,0.018518519,0,0.076026707,0.326719577,0.063429075,4,21.19425548
508,0.155355581,0.244344457,0.02112236,0,0.1247969,0.358330209,0.096050494,4,25.33933258
509,0.04446964,0.051776266,0.0287226,0,0.164084152,0.575207861,0.135739481,4,28.66591081
510,0.123078861,0.443814563,0.003023432,0,0.240614764,0.158541194,0.030927186,4,26.30763416
511,0.253718285,0.486626672,0,0,0.059492563,0.195225597,0.004936883,4,22.38845144
512,0.174291939,0.375038904,0,0,0.091814504,0.348895114,0.009959539,4,24.77124183
513,0,0.516685414,0.049868766,0,0.033433321,0.375390576,0.024621922,4,30
514,0,0.439704879,0.062992126,0,0.044640089,0.382106764,0.070556141,4,30
515,0,0,0.54455693,0,0.10623672,0.298525184,0.050681165,4,30
516,0.230578461,0.193006386,0.216442433,0,0.088102176,0.209684419,0.062186124,4,23.08264617
517,0.43232096,0.288026497,0.000624922,0,0.10336208,0.164729409,0.010936133,4.323209599,17.0303712
518,0.099300087,0.529746282,0,0,0.082677165,0.250593676,0.03768279,4,27.02099738
519,0,0.999565999,0.000124,0,0.000124,0.000124,6.20E-05,4,30
520,0.001687289,0.335583052,0.215285589,0,0.017872766,0.376015498,0.053555806,4,29.94938133
521,0.305649294,0.142794651,0.17504062,0,0.085614298,0.234345707,0.056555431,4,20.83052118
522,0.288238576,0.24496249,0.131874264,0,0.113708227,0.155868312,0.065348131,4,21.35284271
523,0.26271716,0.231158605,0.099550056,0,0.126734158,0.182539683,0.097300337,4,22.11848519
524,0.234670469,0.190588381,0.137082274,0,0.157914316,0.155434311,0.124310249,4,22.95988592
525,0.386139233,0.199912511,0.010061242,0,0.205099363,0.106174228,0.092613423,4,18.41582302
526,0.303399575,0.205724284,0.000937383,0,0.115173103,0.216660417,0.158105237,4,20.89801275
527,0.234670469,0.186496373,0.003472007,0,0.154194308,0.236964474,0.184202368,4,22.95988592
528,0.116235471,0.189663792,0.004311961,0,0.118235221,0.318647669,0.252905887,4,26.51293588
529,0.431946007,0.204536933,0,0,0.199912511,0.114985627,0.048618923,4.319460067,17.0416198
530,0.42507285,0.224440449,0.001240002,0,0.174344349,0.113336227,0.061566123,4.250728501,17.2478145
531,0.380014998,0.149481315,0.098362705,0,0.199787527,0.097112861,0.075240595,4,18.59955006
532,0.085498171,0.116312233,0.518817038,0,0.157480315,0.069254139,0.052638105,4,27.43505487
533,0.013248344,0.08223972,0.737532808,0,0.084176978,0.066116735,0.016685414,4,29.60254968
534,0.31552306,0.105299338,0.215848019,0,0.12279715,0.166041745,0.074490689,4,20.53430821
535,0.246202492,0.279310559,0.004092008,0,0.13999628,0.207576415,0.122822246,4,22.61392523
536,0.053743282,0.324084489,0.050306212,0,0.268653918,0.13535808,0.167854018,4,28.38770154
537,0.13392076,0.038807649,0.093925759,0,0.121734783,0.481314836,0.130296213,4,25.9823772
538,0.203608407,0.096410193,0.046190092,0,0.115320231,0.432202864,0.106268213,4,23.89174778
539,0.384951881,0.150168729,0.008061492,0,0.062804649,0.175353081,0.218660167,4,18.45144357
540,0.08990018,0.169198338,0.008804018,0,0.058776118,0.309132618,0.364188728,4,27.30299461
541,0.017060367,0.23728284,0.028058993,0,0.398700162,0.236657918,0.08223972,4,29.48818898
542,0.270216223,0.363704537,0,0,0.053368329,0.297212848,0.015498063,4,21.89351331
543,0.148800298,0.243288487,0,0,0.114390229,0.459420919,0.034100068,4,25.53599107
544,0.150378262,0.446039833,0,0,0.068087077,0.327775205,0.007719623,4,25.48865215
545,0,0.033572688,0.431657848,0,0.092466616,0.342655581,0.099647266,4,30
546,0,0.436382952,0.141544807,0,0.102299713,0.244781902,0.074990626,4,30
547,0,0.000314941,0.498866213,0,0.123015873,0.237024439,0.140778534,4,30
548,0.196475441,0.106299213,0.169541307,0,0.054055743,0.387014123,0.086614173,4,24.10573678
549,0.297493071,0.333081381,0.000188964,0,0.061539431,0.259448224,0.048248929,4,21.07520786
550,6.30E-05,0.979717813,0,0,6.30E-05,0.014235324,0.005920887,4,29.99811036
551,0,0.630921135,0.075553056,0,0.023872016,0.234408199,0.035245594,4,30
552,0.184114386,0.121126228,0.218631897,0,0.108843537,0.286470144,0.080813807,4,24.47656841
553,0.479969766,0.223985891,0,0,0.152053414,0.113063744,0.030927186,4.799697657,15.60090703
554,0.498437695,0.235658043,0,0,0.139107612,0.097425322,0.029371329,4.984376953,15.04686914
555,0.389896699,0.30095742,0,0,0.133282943,0.138573948,0.03728899,4,18.30309902
556,0.461004874,0.185101862,0.000499938,0,0.184414448,0.122672166,0.046306712,4.610048744,16.16985377
557,0.576845553,0.140841522,0,0,0.184618292,0.070231796,0.027462837,5.76845553,12.69463341
558,0.38233812,0.177626606,0.000566893,0,0.197530864,0.129062736,0.11287478,4,18.52985639
559,0.386826647,0.186351706,0.001499813,0,0.173540807,0.157167854,0.094613173,4,18.3952006
560,0.073507181,0.074955908,0.003338372,0,0.122511968,0.269715294,0.455971277,4,27.79478458
561,0.277462837,0.153502142,0.192995717,0,0.123834719,0.206538171,0.045666415,4,21.67611489
562,0.062367204,0.120297463,0.591051119,0,0.078302712,0.083739533,0.06424197,4,28.12898388
563,0.052469136,0.041509196,0.772864701,0,0.043146888,0.083648274,0.006361804,4,28.42592593
564,0.126546682,0.226409199,0.176102987,0,0.128233971,0.299587552,0.04311961,4,26.20359955
565,0.046926178,0.14159738,0.03489544,0,0.215356513,0.33585286,0.22537163,4,28.59221466
566,0.010896951,0.262912572,0.012093726,0,0.166477702,0.379881582,0.167737465,4,29.67309146
567,0.401512311,0.33095863,0,0,0.105799275,0.10736158,0.054368204,4.01512311,17.95463067
568,0.025888133,0.454837491,0.001133787,0,0.163517259,0.236016629,0.118606702,4,29.22335601
569,0.034706475,0.282438901,0.055366591,0,0.298374906,0.178697405,0.150415722,4,28.95880574
570,0.095425572,0.090738658,0.056992876,0,0.195725534,0.262154731,0.29896263,4,27.13723285
571,0.016691862,0.000503905,0,0,0.000944822,0.162635425,0.819223986,4,29.49924414
572,0.030058743,0.20016248,0.027246594,0,0.35351831,0.228596425,0.160417448,4,29.09823772
573,0.049760645,0.17031998,0.035147392,0,0.375535399,0.225245654,0.14399093,4,28.50718065
574,0.118417737,0.287666919,0.000125976,0,0.105883094,0.420571932,0.067334341,4,26.44746788
575,0.100549931,0.419697538,0,0,0.088488939,0.362892138,0.028371454,4,26.98350206
576,0.035636477,0.438064115,0,0,0.086990352,0.418300654,0.021008403,4,28.9309057
577,0,0.001763668,0.205404384,0,0.0861678,0.664965986,0.041698161,4,30
578,0,0.462629671,0.156167979,0,0.11992251,0.210036245,0.051243595,4,30
579,0,0.180650038,0.287414966,0,0.167296548,0.131645251,0.232993197,4,30
580,6.25E-05,0.009061367,0.324521935,0,0.158417698,0.340519935,0.167416573,4,29.99812523
581,0.009511212,0.838750315,0.011589821,0,0.004913076,0.115142353,0.020093222,4,29.71466364
582,0,0.881645251,0.020282187,0,0.014928193,0.070609725,0.012534643,4,30
583,0.025246844,0.106924134,0.277340332,0,0.055430571,0.427821522,0.107236595,4,29.24259468
584,0.443058705,0.154761905,0.013983371,0,0.169375157,0.158226253,0.060594608,4.43058705,16.70823885
585,0.578861174,0.115646259,0,0,0.172146636,0.107268833,0.026077098,5.788611741,12.63416478
586,0.51912261,0.169853768,0,0,0.148293963,0.126609174,0.036120485,5.191226097,14.42632171
587,0.366087176,0.285336357,0,0,0.158919123,0.123015873,0.066641471,4,19.01738473
588,0.448943882,0.180789901,0,0,0.156667917,0.145981752,0.067616548,4.48943882,16.53168354
589,0.417611489,0.192176871,0.001133787,0,0.204333585,0.120181406,0.064562862,4.17611489,17.47165533
590,0.414273117,0.170634921,0.00069287,0,0.1877677,0.138573948,0.088057445,4.142731167,17.5718065
591,0.398137733,0.177227847,0,0,0.211848519,0.139545057,0.073240845,4,18.05586802
592,0.080057949,0.09542706,0.001952633,0,0.147203326,0.292579995,0.382779038,4,27.59826153
593,0.029100529,0.050894432,0.279226505,0,0.100466112,0.420508944,0.119803477,4,29.12698413
594,0.087387161,0.100363591,0.117916249,0,0.156908225,0.358951856,0.178472919,4,27.37838516
595,0.138070043,0.191672965,0.006928697,0,0.048752834,0.599584278,0.014991182,4,25.85789872
596,0.373890764,0.14248219,0.002687164,0,0.120234971,0.292463442,0.06824147,4,18.78327709
597,0.192743764,0.215230537,0.009007307,0,0.166792643,0.252330562,0.163895188,4,24.21768707
598,0.151045603,0.349773243,0.009385236,0,0.162068531,0.235323759,0.092403628,4,25.4686319
599,0.083114611,0.336457943,0.000937383,0,0.263467067,0.215848019,0.100174978,4,27.50656168
600,0.016502897,0.268644495,0.003338372,0,0.136306374,0.487213404,0.087994457,4,29.50491308
601,0.129188713,0.334278156,0.003464349,0,0.143927942,0.285714286,0.103426556,4,26.12433862
602,0.055805524,0.333395826,0.012498438,0,0.277215348,0.19560055,0.125484314,4,28.32583427
603,0.071743512,0.216238347,0.017888637,0,0.126165281,0.350844041,0.217120181,4,27.84769463
604,0.005749281,0.353143357,0.012123485,0,0.347331584,0.209973753,0.07167854,4,29.82752156
605,0.204900479,0.10260771,0.031934996,0,0.219387755,0.314877803,0.126291257,4,23.85298564
606,0.216112371,0.264991182,0.000314941,0,0.066893424,0.420571932,0.03111615,4,23.51662887
607,0.168791401,0.340019998,0,0,0.19960005,0.22815898,0.063429571,4,24.93625797
608,0.097261127,0.349673203,0,0,0.169623405,0.341581077,0.041861189,4,27.0821662
609,0,0.114235721,0.00543682,0,0.016247969,0.86407949,0,4,30
610,0.002418005,0.453282907,0.039556079,0,0.080972162,0.416702833,0.007068014,4,29.92745985
611,0,0.037557805,0.358205224,0,0.122547182,0.343894513,0.137795276,4,30
612,0,0.27993056,0.461342923,0,0.071982144,0.074090148,0.112654225,4,30
613,0,0.991376078,0,0,0,0.008623922,0,4,30
614,6.25E-05,0.25015623,0.203412073,0,0.052493438,0.361454818,0.132420947,4,29.99812523
615,0.099200198,0.114514229,0.297662595,0,0.076260153,0.241738483,0.170624341,4,27.02399405
616,0.576490439,0.154918135,0,0,0.15791776,0.097425322,0.013248344,5.764904387,12.70528684
617,0.305586802,0.242657168,0.078490189,0,0.129546307,0.169353831,0.074365704,4,20.83239595
618,0.361894724,0.198462397,0.08481617,0,0.153512307,0.146692293,0.054622109,4,19.14315829
619,0.258905137,0.338520185,0.003312086,0,0.154168229,0.157980252,0.087114111,4,22.23284589
620,0.396242792,0.207452415,0.002294005,0,0.183768368,0.127782256,0.082460165,4,18.11271623
621,0.306774153,0.210411199,0.003312086,0,0.182789651,0.144169479,0.152543432,4,20.7967754
622,0.484002,0.208661417,0,0,0.174978128,0.108361455,0.023997,4.840019998,15.47994001
623,0.347138694,0.265794532,0.000310001,0,0.167896336,0.138632277,0.08022816,4,19.58583917
624,0.428285732,0.192050497,0,0,0.155552778,0.148303231,0.075807762,4.282857321,17.15142804
625,0.226409199,0.10679915,0.001374828,0,0.148856393,0.278902637,0.237657793,4,23.20772403
626,0.088347782,0.024477307,0.005928098,0,0.161588475,0.379207037,0.3404513,4,27.34956655
627,0.113723038,0.135354798,0.007627384,0,0.080962801,0.493154111,0.169177868,4,26.58830885
628,0.273482547,0.19009238,0.000434001,0,0.093682187,0.351664703,0.090644181,4,21.79552359
629,0.05168104,0.24615673,0,0,0.186226722,0.383452068,0.13248344,4,28.4495688
630,0.202537183,0.408011499,0.00256218,0,0.139670041,0.189476315,0.057742782,4,23.92388451
631,0,0.129270259,0.003224006,0,0.158844318,0.63512927,0.073532147,4,30
632,0.194913136,0.247594051,0.00056243,0,0.116860392,0.389451319,0.050618673,4,24.15260592
633,0.237157855,0.292088489,0,0,0.13248344,0.234970629,0.103299588,4,22.88526434
634,0.144584289,0.292640585,0.002852006,0,0.277264555,0.171616343,0.111042222,4,25.66247132
635,0.000187477,0.443257093,0.001374828,0,0.245344332,0.130233721,0.17960255,4,29.9943757
636,0.000248,0.082150164,0.002480005,0,0.542191084,0.193564387,0.179366359,4,29.99255999
637,0.096050494,0.087989001,0.032683415,0,0.337770279,0.185789276,0.259717535,4,27.11848519
638,0.017685289,0.107674041,0.024809399,0,0.27240345,0.386764154,0.190663667,4,29.46944132
639,0.112406225,0.281790564,0.010974022,0,0.193502387,0.276334553,0.12499225,4,26.62781326
640,0.14404817,0.347074263,0.005249344,0,0.161648912,0.29056662,0.051412691,4,25.67855489
641,0,0.0095742,0.17441421,0,0.009511212,0.806500378,0,4,30
642,0,0.270966129,0.004936883,0,0.021184852,0.702912136,0,4,30
643,0,0.065444696,0.298059965,0,0.224741749,0.41175359,0,4,30
644,0,0.670666167,0.183539558,0,0.047869016,0.088613923,0.009311336,4,30
645,0.000188964,0.543020912,0.090199043,0,0.014613253,0.254409171,0.097568657,4,29.99433107
646,6.30E-05,0.0191484,0.092718569,0,0.085222978,0.51505417,0.287792895,4,29.99811036
647,0.09136358,0.221909761,0.136670416,0,0.104861892,0.239907512,0.205286839,4,27.25909261
648,0.297241119,0.184429327,0.099080373,0,0.141534392,0.132149156,0.145565634,4,21.08276644
649,0.23393802,0.232426304,0.142479214,0,0.179453263,0.120622323,0.091080877,4,22.98185941
650,0.180352456,0.032620922,0.463067117,0,0.147981502,0.106111736,0.069866267,4,24.58942632
651,0.030801209,0.084278156,0.552847065,0,0.086356765,0.11526833,0.130448476,4,29.07596372
652,0.096050494,0.106299213,0.183102112,0,0.16791651,0.305274341,0.14135733,4,27.11848519
653,0.491811539,0.200491308,0.000503905,0,0.161879567,0.084278156,0.061035525,4.918115394,15.24565382
654,0.521164021,0.149722852,0.000125976,0,0.158037289,0.120118418,0.050831444,5.211640212,14.36507937
655,0.505124359,0.166416698,0,0,0.166666667,0.120234971,0.041557305,5.051243595,14.84626922
656,0.430272109,0.237402368,0,0,0.136873268,0.150919627,0.044532628,4.302721088,17.09183673
657,0.392290249,0.187704712,0.001511716,0,0.202443941,0.148589065,0.067460317,4,18.23129252
658,0.179352581,0.207786527,0.000499938,0,0.194225722,0.316585427,0.101549806,4,24.61942257
659,0.007684555,0.144431847,0.005605946,0,0.12585034,0.580183925,0.136243386,4,29.76946334
660,0.001562305,0.017935258,0.004686914,0,0.115235596,0.454255718,0.406324209,4,29.95313086
661,0.025447216,0.106324011,0.000440917,0,0.066641471,0.753968254,0.047178131,4,29.23658352
662,0.104812295,0.173532376,0,0,0.119929453,0.489606954,0.112118922,4,26.85563114
663,0.040494938,0.212910886,0.000187477,0,0.055180602,0.65648044,0.034745657,4,28.78515186
664,0.126921139,0.415406904,0.000188964,0,0.126165281,0.213592845,0.117724868,4,26.19236584
665,0.28281683,0.271982867,0.000314941,0,0.107016881,0.224426808,0.113441673,4,21.51549509
666,0.005561805,0.270653668,0.005061867,0,0.220659918,0.329208849,0.168853893,4,29.83314586
667,0.027966742,0.229339884,0.004598136,0,0.478080121,0.138196019,0.121819098,4,29.16099773
668,0.146669166,0.144981877,0.005249344,0,0.461004874,0.099175103,0.142919635,4,25.59992501
669,0.455404384,0.153817082,6.30E-05,0,0.221781305,0.112559839,0.056374402,4.55404384,16.33786848
670,0.366843034,0.163643235,0.001637692,0,0.242756362,0.155517763,0.069601915,4,18.99470899
671,0.146669166,0.149793776,0.005874266,0,0.219660042,0.327896513,0.150106237,4,25.59992501
672,0.292405851,0.155617803,0.004668534,0,0.151727358,0.27902272,0.116557734,4,21.22782446
673,0,0.786276715,0.051243595,0,0.000312461,0.162167229,0,4,30
674,0,0.616777234,0.003348007,0,0.102362205,0.277512555,0,4,30
675,0,0.184914386,0.168728909,0,0.165166854,0.481189851,0,4,30
676,0.000310001,0.801289603,0.06993614,0,0.010602021,0.117862236,0,4,29.99069998
677,0.030933633,0.14048244,0.06967879,0,0.016310461,0.741594801,0.000999875,4,29.071991
678,0.054743157,0.184039495,0.005749281,0,0.214285714,0.447381577,0.093800775,4,28.35770529
679,0.222766446,0.346084692,0.00477401,0,0.092256185,0.327608655,0.006510013,4,23.31700663
680,0.166979128,0.220097488,0.077552806,0,0.097612798,0.379077615,0.058680165,4,24.99062617
681,0.174603175,0.155230596,0.134608174,0,0.192350956,0.169791276,0.173415823,4,24.76190476
682,0.418004836,0.246760494,0.006138012,0,0.13485027,0.153822308,0.040424081,4.18004836,17.45985492
683,0.295338083,0.169791276,0.042494688,0,0.137857768,0.246219223,0.108298963,4,21.13985752
684,0.049414099,0.257424515,0.021452043,0,0.077562155,0.306838614,0.287308575,4,28.51757704
685,0.438070241,0.26584177,0,0,0.141482315,0.120484939,0.034120735,4.380702412,16.85789276
686,0.410073741,0.228033996,0.000249969,0,0.158542682,0.137232846,0.065866767,4.100737408,17.69778778
687,0.422344845,0.275342551,0,0,0.133052266,0.122388245,0.046872094,4.223448447,17.32965466
688,0.350831146,0.20303712,0,0,0.139045119,0.275403075,0.03168354,4,19.47506562
689,0.310211224,0.24871891,0.00199975,0,0.14448194,0.257342832,0.037245344,4,20.69366329
690,0.516027032,0.106392213,0.002170004,0,0.141236282,0.176390353,0.057784116,5.160270321,14.51918904
691,0.095800525,0.256030496,0.000687414,0,0.21816023,0.254155731,0.175165604,4,27.12598425
692,0.004402009,0.147808296,0.008742017,0,0.335668671,0.246078492,0.257300515,4,29.86793974
693,0.003499563,0.261717285,0.000937383,0,0.194100737,0.413948256,0.125796775,4,29.89501312
694,0.008123985,0.361454818,0,0,0.245531809,0.158605174,0.226284214,4,29.75628046
695,0.048236096,0.347758696,0,0,0.209622419,0.258292517,0.136090272,4,28.55291711
696,0.148981377,0.121297338,0,0,0.108736408,0.489126359,0.131858518,4,25.53055868
697,0.017310336,0.195475566,0.006624172,0,0.170353706,0.423884514,0.186351706,4,29.48068991
698,0.041354083,0.280984562,0.006944014,0,0.311736623,0.174220348,0.18476037,4,28.75937752
699,0.377015373,0.137857768,0.001562305,0,0.213973253,0.170853643,0.098737658,4,18.68953881
700,0.366854734,0.188108376,0.003100006,0,0.180792362,0.102796206,0.158348317,4,18.99435799
701,0.452380952,0.135545557,6.25E-05,0,0.228471441,0.131733533,0.051806024,4.523809524,16.42857143
702,0.394138233,0.149543807,0,0,0.256780402,0.142669666,0.056867892,4,18.17585302
703,0.452910906,0.155682311,0,0,0.242792486,0.105400211,0.043214086,4.529109058,16.41267283
704,0.449282075,0.229581596,0,0,0.18094797,0.103134167,0.037054192,4.49282075,16.52153775
705,0,1,0,0,0,0,0,4,30
706,0,0.746531684,0,0,0.124984377,0.12848394,0,4,30
707,0,0.639455782,0.034013605,0,0.063681028,0.262849584,0,4,30
708,0.231033621,0.243782027,0.160417448,0,0.051493563,0.313273341,0,4,23.06899138
709,0.095490048,0.228647014,0.084593096,0,0.191987906,0.399281935,0,4,27.13529856
710,0.190350214,0.412824389,0,0,0.180964979,0.215860418,0,4,24.28949358
711,0.098675166,0.278965129,0.002624672,0,0.109611299,0.501749781,0.008373953,4,27.03974503
712,0.291698161,0.309712774,0,0,0.116213152,0.253590325,0.028785588,4,21.24905518
713,0.122889897,0.152746284,0.012849584,0,0.171831696,0.493386243,0.046296296,4,26.3133031
714,0.174915636,0.100549931,0.11736033,0,0.104174478,0.31752281,0.185476815,4,24.75253093
715,0.431972789,0.193499622,0.029604434,0,0.153880071,0.144620811,0.046422273,4.319727891,17.04081633
716,0.370516185,0.323834521,0,0,0.14048244,0.132170979,0.032995876,4,18.88451444
717,0.494646007,0.220521542,0,0,0.153817082,0.106764928,0.024250441,4.946460066,15.1606198
718,0.476568405,0.205719325,0,0,0.151738473,0.113504661,0.052469136,4.765684051,15.70294785
719,0.282464692,0.310523685,0.004061992,0,0.182789651,0.138107737,0.082052243,4,21.52605924
720,0.418997229,0.260078105,0.000314941,0,0.137188209,0.138007055,0.045414462,4.189972285,17.43008314
721,0.28010834,0.064940791,0.004535147,0,0.212459058,0.263479466,0.174477198,4,21.59674981
722,0.25071866,0.10623672,0.006999125,0,0.140169979,0.345206849,0.150668666,4,22.47844019
723,0.000125976,0.046611237,0.020723104,0,0.238914084,0.350277148,0.34334845,4,29.99622071
724,0,0.030371204,0.020059993,0,0.27984002,0.334895638,0.334833146,4,30
725,0.266502897,0.093978332,0.002960443,0,0.209624591,0.271415974,0.155517763,4,22.00491308
726,0.067775258,0.095175107,0.000818846,0,0.067901235,0.625661376,0.142668178,4,27.96674225
727,0.113798275,0.353768279,0,0,0.202787152,0.167416573,0.162229721,4,26.58605174
728,0.146699421,0.148652053,0.006865709,0,0.166351726,0.303728899,0.227702192,4,25.59901738
729,0.000188964,0.282375913,0.01196775,0,0.225182666,0.23872512,0.241559587,4,29.99433107
730,0.35351831,0.135858018,0.004436945,0,0.221409824,0.126546682,0.158230221,4,19.39445069
731,0.365394306,0.189027463,0,0,0.216112371,0.16005291,0.06941295,4,19.03817082
732,0.168603925,0.20616173,0.000437445,0,0.153355831,0.24271966,0.22872141,4,24.94188226
733,0.274313429,0.233875031,0.000251953,0,0.189216427,0.182161754,0.120181406,4,21.77059713
734,0.40457294,0.20313681,0,0,0.215608466,0.134920635,0.041761149,4.045729403,17.86281179
735,0.440132483,0.137732783,0,0,0.226284214,0.138232721,0.057617798,4.401324834,16.7960255
736,0.505446623,0.127295363,0,0,0.177404295,0.138344227,0.051509493,5.054466231,14.83660131
737,0,0.985953641,0,0,0.008188461,0.005857899,0,4,30
738,0,0.879077615,0,0,0.072990876,0.047931509,0,4,30
739,0.012786596,0.462585034,0.110103301,0,0.102544722,0.311980348,0,4,29.61640212
740,0.36151731,0.144856893,0.004499438,0,0.058930134,0.430196225,0,4,19.15448069
741,0.144935752,0.28898967,0,0,0.24351222,0.322562358,0,4,25.65192744
742,0.598072562,0.208175863,0,0,0.044658604,0.149092971,0,5.980725624,12.05782313
743,0.176102987,0.461317335,0,0,0.192225972,0.170353706,0,4,24.71691039
744,0.275573192,0.438901487,0.000377929,0,0.11866969,0.162068531,0.004409171,4,21.73280423
745,0.324326027,0.182917611,0.00547997,0,0.057949106,0.423658352,0.005668934,4,20.2702192
746,0.113173353,0.329083865,0.001812273,0,0.318772653,0.110673666,0.126484189,4,26.6047994
747,0.123771731,0.444003527,0.055366591,0,0.088498362,0.222789116,0.065570673,4,26.28684807
748,0.350393701,0.248218973,0.060304962,0,0.124359455,0.127859018,0.088863892,4,19.48818898
749,0.482174351,0.221529352,0,0,0.141345427,0.118795666,0.036155203,4.821743512,15.53476946
750,0.433799446,0.228584026,0,0,0.18808264,0.112118922,0.037414966,4.337994457,16.98601663
751,0.324896888,0.260529934,0.003062117,0,0.213535808,0.141107362,0.056867892,4,20.25309336
752,0.315507685,0.165406904,0.003716301,0,0.16313933,0.129377677,0.222852104,4,20.53476946
753,0.43468128,0.249370118,0.000440917,0,0.14499874,0.139077853,0.031431091,4.346812799,16.9595616
754,0.005374328,0.037307837,0.022934633,0,0.331646044,0.203849519,0.398887639,4,29.83877015
755,0.168745276,0.048248929,0.011022928,0,0.264802217,0.294910557,0.212270093,4,24.93764172
756,0.001812273,0.012435946,0.008248969,0,0.115673041,0.685726784,0.176102987,4,29.9456318
757,0,0.010770975,0.005794911,0,0.138573948,0.699420509,0.145439657,4,30
758,0,0.146258503,0.00648778,0,0.143550013,0.584782061,0.118921643,4,30
759,0.006624172,0.262967129,0.003062117,0,0.07567804,0.563054618,0.088613923,4,29.80127484
760,0.001196775,0.244457042,0.01814059,0,0.283635676,0.159549005,0.293020912,4,29.96409675
761,0.096749811,0.159297052,0.025510204,0,0.265558075,0.12893676,0.323948098,4,27.09750567
762,0.437820272,0.178102737,0,0,0.179727534,0.154793151,0.049556305,4.378202725,16.86539183
763,0.325837743,0.165154951,0,0,0.226316453,0.17132779,0.111363064,4,20.22486772
764,0.384014498,0.184164479,0.000187477,0,0.190851144,0.119735033,0.121047369,4,18.47956505
765,0.402935248,0.141975309,6.30E-05,0,0.204270597,0.19286974,0.057886117,4.029352482,17.91194255
766,0.420131015,0.164651046,0,0,0.230284706,0.142983119,0.041950113,4.201310154,17.39606954
767,0.432758405,0.20616173,0,0,0.186351706,0.137420322,0.037307837,4.327584052,17.01724784
768,0.506069094,0.15157174,0,0,0.157018363,0.139433551,0.045907252,5.060690943,14.81792717
769,0,1,0,0,0,0,0,4,30
770,0,0.836195672,0,0,0.06503813,0.098766198,0,4,30
771,0,0.295338083,0.159980002,0,0.250531184,0.294150731,0,4,30
772,0.000620001,0.06503813,0,0,0.044640089,0.889701779,0,4,29.98139996
773,0.397825272,0.0888014,0,0,0.18503937,0.328333958,0,4,18.06524184
774,0.550368704,0.17191601,0,0,0.040682415,0.237032871,0,5.503687039,13.48893888
775,0.085436171,0.678901358,0.000124,0,0.168578337,0.066960134,0,4,27.43691487
776,0.527246594,0.284276965,6.25E-05,0,0.069616298,0.11879765,0,5.272465942,14.18260217
777,0.344769404,0.28040245,0.002374703,0,0.108736408,0.260904887,0.002812148,4,19.65691789
778,0.532705065,0.261206522,0.000558001,0,0.093496187,0.090644181,0.021390043,5.327050654,14.01884804
779,0.324271966,0.485501812,0,0,0.079490064,0.091738533,0.018997625,4,20.27184102
780,0.171864344,0.440386881,0.028582057,0,0.104470209,0.225370451,0.029326059,4,24.84406969
781,0.226409199,0.218222722,0.127734033,0,0.167979003,0.177790276,0.081864767,4,23.20772403
782,0.40463692,0.21072366,0.02312211,0,0.208598925,0.11192351,0.040994876,4.046369204,17.86089239
783,0.432822866,0.180358361,0.000992002,0,0.192634385,0.142724285,0.050468101,4.328228656,17.01531403
784,0.363392076,0.343019623,0.000187477,0,0.141169854,0.12279715,0.029433821,4,19.09823772
785,0.392138483,0.237345332,0.000812398,0,0.119422572,0.158605174,0.09167604,4,18.23584552
786,0.101184202,0.097278195,0.013702027,0,0.537293075,0.073594147,0.176948354,4,26.96447393
787,0.302024747,0.229158855,0.002812148,0,0.23615798,0.116422947,0.113423322,4,20.93925759
788,0.062496125,0.307148614,0.000372001,0,0.201562403,0.31477463,0.113646227,4,28.12511625
789,6.25E-05,0.113673291,0.004124484,0,0.225159355,0.46287964,0.194100737,4,29.99812523
790,0,0.051243595,0.005249344,0,0.121484814,0.648668916,0.173353331,4,30
791,6.20E-05,0.182280365,0.011780024,0,0.173786348,0.481616963,0.150474301,4,29.99814
792,0.058742657,0.262842145,0.007311586,0,0.300024997,0.173915761,0.197162855,4,28.23772028
793,0.363267092,0.228346457,0.002062242,0,0.217535308,0.107924009,0.080864892,4,19.10198725
794,0.401636803,0.209560419,6.20E-05,0,0.196416393,0.11482423,0.077500155,4.016368033,17.9508959
795,0.358517685,0.205474316,0,0,0.184289464,0.16991626,0.081802275,4,19.24446944
796,0.370574741,0.216814434,0.001116002,0,0.164176328,0.158720317,0.088598177,4,18.88275777
797,0.349831271,0.201724784,0.002812148,0,0.255968004,0.092175978,0.097487814,4,19.50506187
798,0.395638045,0.196350456,0,0,0.206849144,0.153230846,0.047931509,4,18.13085864
799,0.446090892,0.165354331,0,0,0.206398413,0.123752248,0.058404117,4.460908922,16.61727323
800,0.344758376,0.253203644,0,0,0.21475992,0.136946117,0.050331944,4,19.65724873
801,0,0.972789116,0,0,0.009763165,0.01744772,0,4,30
802,0.005686789,0.39663792,0.000374953,0,0.36951631,0.227784027,0,4,29.82939633
803,0,0.419312169,0.127110103,0,0.164525069,0.289052658,0,4,30
804,0.004686914,0.025059368,0.000812398,0,0.031746032,0.937695288,0,4,29.85939258
805,0.017258755,0.049445704,0,0,0.256802721,0.676492819,0,4,29.48223734
806,0.248362308,0.180839002,0,0,0.166981607,0.403817082,0,4,22.54913076
807,0.083052118,0.382952131,0,0,0.308086489,0.225909261,0,4,27.50843645
808,0.337112623,0.306563366,0,0,0.136873268,0.219450743,0,4,19.88662132
809,0.13781809,0.299508692,0.002015621,0,0.2452129,0.315444696,0,4,25.86545729
810,0.821834771,0.063367079,0,0,0.027371579,0.087426572,0,8.218347707,5.34495688
811,0.798059965,0.162572436,0,0,0.025447216,0.013920383,0,7.980599647,6.058201058
812,0.597612798,0.269966254,0,0,0.046806649,0.082427197,0.003187102,5.976127984,12.07161605
813,0.267951625,0.304610733,0.000188964,0,0.11388259,0.274061476,0.039304611,4,21.96145125
814,0.28010834,0.215356513,0.028848576,0,0.24351222,0.157848325,0.074326027,4,21.59674981
815,0.402449694,0.213535808,0,0,0.219910011,0.116547932,0.047556555,4.024496938,17.92650919
816,0.416981607,0.249244142,0,0,0.162887377,0.133471907,0.037414966,4.169816075,17.49055178
817,0.472789116,0.221151424,0,0,0.189342404,0.083585286,0.033131771,4.727891156,15.81632653
818,0.212410949,0.089551306,0.0039995,0,0.261967254,0.3183977,0.113673291,4,23.62767154
819,0.008503401,0.08994709,0.008755354,0,0.37005543,0.306311413,0.216427312,4,29.74489796
820,0.011686039,0.08767654,0.006936633,0,0.178540182,0.58167729,0.133483315,4,29.64941882
821,0.000629882,0.024565382,0.002078609,0,0.121441169,0.750881834,0.100403124,4,29.98110355
822,0.000125976,0.035714286,0.003779289,0,0.204585538,0.613315697,0.142479214,4,29.99622071
823,0.010748656,0.390138733,0.002249719,0,0.317210349,0.178727659,0.100924884,4,29.67754031
824,0.400163769,0.197152935,0.000251953,0,0.234630889,0.116591081,0.051209373,4.001637692,17.99508692
825,0.380826405,0.221592341,0,0,0.213025951,0.12962963,0.054925674,4,18.57520786
826,0.387451569,0.166604174,0.000124984,0,0.234595676,0.145794276,0.065429321,4,18.37645294
827,0.325711766,0.249244142,0,0,0.181468884,0.161816578,0.081758629,4,20.22864701
828,0.353268341,0.131296088,0.002812148,0,0.224346957,0.121547307,0.166729159,4,19.40194976
829,0.348576468,0.126606198,0.001952633,0,0.30713026,0.079743008,0.135991434,4,19.54270597
830,0.439216427,0.15287226,0,0,0.24212648,0.096938776,0.068846057,4.392164273,16.82350718
831,0.408761405,0.073928259,0,0,0.291338583,0.132733408,0.093238345,4.087614048,17.73715786
832,0.3881108,0.201991908,0,0,0.211951447,0.134453782,0.063492063,4,18.356676
833,0.000440917,0.604623331,0.001259763,0,0.197971781,0.195704208,0,4,29.98677249
834,0.043494563,0.275465567,0.005311836,0,0.237907762,0.437820272,0,4,28.6951631
835,0,0.275195263,0.093411439,0,0.203703704,0.427689594,0,4,30
836,0.139232596,0.150356205,0.022247219,0,0.121484814,0.566679165,0,4,25.82302212
837,0.070861678,0.202254976,0.001007811,0,0.24691358,0.478961955,0,4,27.87414966
838,0.434492315,0.132464097,0,0,0.097316704,0.335726883,0,4.344923154,16.96523054
839,0.271778528,0.198600175,0,0,0.287026622,0.242594676,0,4,21.84664417
840,0.104119426,0.485764676,0.001889645,0,0.162698413,0.245527841,0,4,26.87641723
841,0.245023936,0.566767448,0.000125976,0,0.08925422,0.09882842,0,4,22.64928193
842,0.43632046,0.160729909,0,0,0.019872516,0.383077115,0,4.363204599,16.9103862
843,0.290438398,0.165469892,0,0,0.03728899,0.506802721,0,4,21.28684807
844,0.576865392,0.230408699,0,0,0.054055743,0.135670541,0.002999625,5.768653918,12.69403825
845,0.218127992,0.176555808,0.001259763,0,0.198475687,0.320861678,0.084719073,4,23.45616024
846,0.456853112,0.138384984,0,0,0.272045855,0.103426556,0.029289494,4.568531116,16.29440665
847,0.296650419,0.214098238,0.000124984,0,0.274965629,0.15704287,0.05711786,4,21.10048744
848,0.312106324,0.262534643,0.000377929,0,0.188586546,0.168997229,0.067397329,4,20.63681028
849,0.321302595,0.158415218,0,0,0.220269589,0.253779289,0.046233308,4,20.36092215
850,0.159667542,0.269591301,6.25E-05,0,0.161854768,0.357892763,0.050931134,4,25.20997375
851,6.30E-05,0.019022424,0.005794911,0,0.312295288,0.524754346,0.138070043,4,29.99811036
852,0.004249469,0.04711911,0.013373328,0,0.31896013,0.394263217,0.222034746,4,29.87251594
853,0.098702444,0.037100025,0.006739733,0,0.30952381,0.36079617,0.187137818,4,27.03892668
854,0.000440917,0.317208365,0.001826657,0,0.335915848,0.277399849,0.067208365,4,29.98677249
855,0.260654918,0.247344082,0.001187352,0,0.269716285,0.114423197,0.106674166,4,22.18035246
856,0.392479214,0.238284203,0,0,0.195326279,0.135298564,0.038611741,4,18.22562358
857,0.284517511,0.251889645,0,0,0.231922399,0.173532376,0.05813807,4,21.46447468
858,0.381139858,0.208098988,0,0,0.172165979,0.196725409,0.041869766,4,18.56580427
859,0.374338624,0.226127488,0,0,0.197656841,0.147833207,0.05404384,4,18.76984127
860,0.34895638,0.188226472,0.000874891,0,0.237970254,0.130358705,0.093613298,4,19.53130859
861,0.28420257,0.168682288,0.003275384,0,0.290312421,0.09542706,0.158100277,4,21.4739229
862,0.385991434,0.203073822,0,0,0.231355505,0.116402116,0.063177123,4,18.42025699
863,0.332708411,0.184039495,0,0,0.222909636,0.162542182,0.097800275,4,20.01874766
864,0.326953003,0.221444133,0,0,0.248988484,0.101462807,0.101151572,4,20.1914099
865,0.266216723,0.508498938,0.00056243,0,0.105486814,0.119235096,0,4,22.01349831
866,0.081096162,0.208196416,0.004154008,0,0.214272429,0.492280985,0,4,27.56711513
867,6.25E-05,0.237407824,0.152980877,0,0.132295963,0.477252843,0,4,29.99812523
868,0.560729121,0.201128402,0.045880092,0,0.086676173,0.105586211,0,5.607291215,13.17812636
869,0.171228596,0.347956505,0.005499313,0,0.274778153,0.200537433,0,4,24.86314211
870,0.178352706,0.199162605,0.004374453,0,0.341269841,0.276840395,0,4,24.64941882
871,0.360716721,0.299646599,0.000930002,0,0.105648211,0.233058466,0,4,19.17849836
872,0.551931009,0.134733158,0.000999875,0,0.127046619,0.185289339,0,5.519310086,13.44206974
873,0.517560305,0.379765029,0,0,0.044744407,0.057930259,0,5.17560305,14.47319085
874,0.323392647,0.471076942,0,0,0.049414099,0.156116312,0,4,20.2982206
875,0.037807774,0.320334958,0,0,0.053555806,0.588301462,0,4,28.86576678
876,0.324446649,0.252092504,0.001178002,0,0.118792238,0.303490607,0,4,20.26660053
877,0.343644544,0.126546682,0.000374953,0,0.279152606,0.250031246,0.000249969,4,19.69066367
878,0.352768404,0.144294463,0.001249844,0,0.213348331,0.236907887,0.051431071,4,19.41694788
879,0.208258417,0.226486453,0.000992002,0,0.219294439,0.163494327,0.181474363,4,23.7522475
880,0.402134782,0.283521758,0,0,0.171666772,0.118676183,0.024000505,4.021347818,17.93595655
881,0.159208962,0.339946179,6.26E-05,0,0.277238876,0.16646849,0.057074911,4,25.22373115
882,0.412300825,0.208754418,6.20E-05,0,0.128588257,0.233740467,0.016554033,4.123008246,17.63097526
883,0.015185602,0.073615798,0.004374453,0,0.133733283,0.66591676,0.107174103,4,29.54443195
884,0.123876248,0.139128278,0.005332011,0,0.336474673,0.19015438,0.20503441,4,26.28371257
885,0.297587802,0.369141357,0.000187477,0,0.087176603,0.193913261,0.051993501,4,21.07236595
886,0.000249969,0.256467942,0.003562055,0,0.447944007,0.119985002,0.171791026,4,29.99250094
887,0.351664703,0.147622295,0.001922004,0,0.26002852,0.162750326,0.076012152,4,19.4500589
888,0.469816273,0.133295838,0,0,0.150418698,0.197537808,0.048931384,4.69816273,15.90551181
889,0.090051244,0.400387452,0,0,0.155480565,0.300649919,0.053430821,4,27.29846269
890,0.433256867,0.158472317,0,0,0.186930374,0.18507037,0.036270073,4.332568665,17.002294
891,0.490063742,0.11079865,0,0,0.227534058,0.121859768,0.049743782,4.90063742,15.29808774
892,0.43511687,0.181846364,0,0,0.206274413,0.102982206,0.073780148,4.351168702,16.94649389
893,0.062304712,0.05224347,0.017310336,0,0.466691664,0.156855393,0.244594426,4,28.13085864
894,0.247656543,0.174790651,0.003812023,0,0.336020497,0.117610299,0.120109986,4,22.57030371
895,0.309070618,0.131998264,0.001550003,0,0.352532705,0.111104222,0.093744187,4,20.72788146
896,0.330091092,0.154855643,0.001543925,0,0.336729968,0.097576038,0.079203335,4,20.09726725
897,0.233308138,0.401486521,0.000881834,0,0.191735954,0.172587554,0,4,23.00075586
898,0.066429196,0.260154981,0.001624797,0,0.095613048,0.576177978,0,4,28.00712411
899,0.0191484,0.248929201,0.123771731,0,0.130322499,0.477828168,0,4,29.425548
900,0.484376953,0.135670541,0.012060992,0,0.062929634,0.30496188,0,4.843769529,15.46869141
901,0.21101033,0.367220962,0,0,0.112559839,0.309208869,0,4,23.6696901
902,0.153376165,0.291950113,0.003464349,0,0.151864449,0.399344923,0,4,25.39871504
903,0.013324873,0.136357868,0.005837563,0,0.24143401,0.603045685,0,4,29.60025381
904,0.182350718,0.199609473,0,0,0.111615016,0.506424792,0,4,24.52947846
905,0.200050391,0.097883598,0.003905266,0,0.176933736,0.521227009,0,4,23.99848828
906,0.202412198,0.24528184,0.002687164,0,0.151856018,0.39776278,0,4,23.92763405
907,0.097694633,0.607835727,0,0,0.180776014,0.113693626,0,4,27.069161
908,0.282214723,0.491001125,0,0,0.049618798,0.177165354,0,4,21.53355831
909,0.328735198,0.405706727,0,0,0.149155959,0.116402116,0,4,20.13794407
910,0.365646259,0.240047871,0,0,0.214411691,0.17989418,0,4,19.03061224
911,0.392325959,0.29496313,0,0,0.171166104,0.137670291,0.003874516,4,18.23022122
912,0.461640212,0.186004031,0.000881834,0,0.170194004,0.150100781,0.031179138,4.616402116,16.15079365
913,0.222187125,0.385368627,0.002527007,0,0.196285299,0.098679639,0.094952303,4,23.33438625
914,0.202537183,0.267966504,0.000812398,0,0.066491689,0.379702537,0.082489689,4,23.92388451
915,0.008692366,0.250818846,0.002960443,0,0.181972789,0.420697909,0.134857647,4,29.73922902
916,0.070866142,0.424009499,0.001812273,0,0.212848394,0.141544807,0.148918885,4,27.87401575
917,0.083522298,0.681342908,0.001070799,0,0.10569413,0.085537919,0.042831948,4,27.49433107
918,0.065192744,0.290249433,0.00308642,0,0.360292265,0.142479214,0.138699924,4,28.04421769
919,0.157480315,0.371641045,0.000874891,0,0.265591801,0.138420197,0.065991751,4,25.27559055
920,0.186067019,0.354812295,0.000188964,0,0.228395062,0.164462081,0.066074578,4,24.41798942
921,0.11797682,0.431972789,0.000377929,0,0.151297556,0.24691358,0.051461325,4,26.46069539
922,0.167229096,0.356205474,0.000874891,0,0.296150481,0.109236345,0.070303712,4,24.98312711
923,0.163454271,0.363378685,0.000755858,0,0.291824137,0.108528597,0.072058453,4,25.09637188
924,0.122297213,0.407886514,0.002062242,0,0.292463442,0.108548931,0.066741657,4,26.33108361
925,0.263731418,0.320168808,0.000818846,0,0.278281683,0.08276644,0.054232804,4,22.08805745
926,0.143109095,0.344293273,0.000125976,0,0.209624591,0.238347191,0.064499874,4,25.70672714
927,0.207536558,0.378327709,0,0,0.210661167,0.133108361,0.070366204,4,23.77390326
928,0.216464364,0.345004669,0,0,0.24431995,0.12605042,0.068160598,4,23.50606909
929,0.302024747,0.277902762,0,0,0.104674416,0.315398075,0,4,20.93925759
930,0.372062744,0.27509455,6.20E-05,0,0.105772212,0.247008494,0,4,18.83811768
931,0.044806899,0.3143982,0.078740157,0,0.189663792,0.372390951,0,4,28.65579303
932,0.283898568,0.217744435,0.002418005,0,0.103106206,0.392832786,0,4,21.48304297
933,0.523622047,0.273590801,0,0,0.101299838,0.101487314,0,5.236220472,14.29133858
934,0.125171854,0.334020747,0.00656168,0,0.22472191,0.30952381,0,4,26.24484439
935,0.532953066,0.082150164,0,0,0.07991816,0.30497861,0,5.329530659,14.01140802
936,0.216347957,0.030308711,0.000124984,0,0.05055618,0.702662167,0,4,23.5095613
937,0.007186602,0.061617298,0.00256218,0,0.203099613,0.725534308,0,4,29.78440195
938,0,0.093744187,0.003658007,0,0.455514911,0.447082894,0,4,30
939,0.063054618,0.366329209,0.00143732,0,0.375453068,0.193725784,0,4,28.10836145
940,0.350486701,0.196664393,0.003472007,0,0.17515035,0.274226548,0,4,19.48539897
941,0.197100362,0.181352331,0.007374078,0,0.194538183,0.419635046,0,4,24.08698913
942,0.164427223,0.221111181,0.005874633,0,0.256546466,0.352040497,0,4,25.0671833
943,0.096162192,0.20509641,0.006944014,0,0.35495071,0.336846674,0,4,27.11513423
944,0.00343707,0.227721535,0.012310961,0,0.312335958,0.441319835,0.002874641,4,29.89688789
945,0.020122485,0.326334208,0.006061742,0,0.362767154,0.209473816,0.075240595,4,29.39632546
946,0.17986236,0.346890694,0.006882014,0,0.289602579,0.093062186,0.083700167,4,24.60412921
947,0.116110486,0.385639295,0.011311086,0,0.236595426,0.147106612,0.103237095,4,26.51668541
948,0.060884122,0.527559055,0.000806002,0,0.193812388,0.1501023,0.066836134,4,28.17347635
949,0.315835521,0.25584302,0.000437445,0,0.267779028,0.095425572,0.064679415,4,20.52493438
950,0.468191476,0.08567679,0,0,0.237220347,0.138170229,0.070741157,4.681914761,15.95425572
951,0.41521483,0.186992374,0,0,0.208630417,0.132928266,0.056234112,4.152148304,17.54355509
952,0.399387577,0.173915761,0,0,0.2175978,0.153105862,0.055993001,4,18.0183727
953,0.453380827,0.03712036,0,0,0.281464817,0.146919135,0.081114861,4.533808274,16.39857518
954,0.457374915,0.134230268,0,0,0.215326431,0.139066278,0.054002108,4.573749147,16.27875256
955,0.379765029,0.142857143,0,0,0.282714661,0.117485314,0.077177853,4,18.60704912
956,0.411742823,0.108376217,0,0,0.262942526,0.157542315,0.059396119,4.117428235,17.6477153
957,0.349706287,0.201412323,0,0,0.197912761,0.189538808,0.061429821,4,19.5088114
958,0.245219348,0.058555181,0,0,0.1087989,0.536307962,0.05111861,4,22.64341957
959,0.437844876,0.174034348,0,0,0.188542377,0.137764276,0.061814124,4.378448757,16.86465373
960,0.472595337,0.131387988,0,0,0.236992435,0.083680716,0.075343523,4.725953373,15.82213988
961,0.280360292,0.230536659,0,0,0.104056437,0.385046611,0,4,21.58919123
962,0.199850019,0.351206099,0,0,0.100674916,0.348268966,0,4,24.00449944
963,0.143864953,0.392794155,0.060216679,0,0.224552784,0.178571429,0,4,25.6840514
964,0.342394701,0.482564679,0.000687414,0,0.091863517,0.082489689,0,4,19.72815898
965,0.144746788,0.379503653,0.002078609,0,0.249622071,0.224048879,0,4,25.65759637
966,0.287855883,0.104938272,0.005165029,0,0.254472159,0.347568657,0,4,21.36432351
967,0.195100612,0.111173603,0.003062117,0,0.193288339,0.497375328,0,4,24.14698163
968,0.094986143,0.087364575,0.002519526,0,0.276643991,0.538485765,0,4,27.15041572
969,0.011148904,0.12005543,0.002330562,0,0.276518015,0.58994709,0,4,29.66553288
970,0.002749656,0.24528184,0.009561305,0,0.311086114,0.431321085,0,4,29.91751031
971,6.30E-05,0.201184177,0.01095994,0,0.372637944,0.415154951,0,4,29.99811036
972,0.030621172,0.300649919,0.012810899,0,0.303399575,0.352518435,0,4,29.08136483
973,0.073633157,0.247921391,0.023557571,0,0.310720585,0.344167297,0,4,27.79100529
974,0.149344923,0.155517763,0.023557571,0,0.250818846,0.420760897,0,4,25.51965231
975,0.231721035,0.06767904,0.019435071,0,0.151481065,0.52968379,0,4,23.04836895
976,0.198727639,0.436444948,0.008188461,0,0.104371378,0.252267574,0,4,24.03817082
977,0.458301839,0.249244142,0.000188964,0,0.070609725,0.221655329,0,4.583018393,16.25094482
978,0.441569804,0.343894513,0,0,0.070991126,0.143419573,0.000124984,4.415698038,16.75290589
979,0.130385488,0.611866969,0,0,0.083081381,0.163454271,0.011211892,4,26.08843537
980,0.372265967,0.417697788,0,0,0.065304337,0.125796775,0.018935133,4,18.832021
981,0.079113127,0.13951877,0.002771479,0,0.529604434,0.110922147,0.138070043,4,27.6266062
982,0.218002016,0.190287226,0.001763668,0,0.37175611,0.103552532,0.114638448,4,23.45993953
983,0.428696413,0.136295463,0,0,0.203412073,0.150668666,0.080927384,4.286964129,17.13910761
984,0.376291257,0.201310154,0,0,0.164588057,0.178067523,0.079743008,4,18.71126228
985,0.392227261,0.122260015,0,0,0.216931217,0.196397077,0.072184429,4,18.23318216
986,0.351643545,0.157480315,0,0,0.239345082,0.178165229,0.073365829,4,19.45069366
987,0.216427312,0.164651046,0.002267574,0,0.295981356,0.224804737,0.095867977,4,23.50718065
988,0.332833396,0.162542182,0.000999875,0,0.238907637,0.170916135,0.093800775,4,20.01499813
989,0.346875787,0.230410683,0,0,0.153124213,0.226694381,0.042894936,4,19.59372638
990,0.212081129,0.182035777,0,0,0.117094986,0.446900983,0.041887125,4,23.63756614
991,0.352143482,0.214348206,0,0,0.192538433,0.184789401,0.056180477,4,19.43569554
992,0.316370993,0.26206038,0,0,0.20043573,0.161220044,0.059912854,4,20.50887021